,slug,product_id
0,/air-jordan-11-retro-concord-2018,b1496e22-50e2-4b21-9270-0b61c8c89f79
1,/air-jordan-1-retro-high-chicago-crystal,c6b80f3e-2a46-46fe-a557-236eeb2d31d2
2,/air-jordan-1-retro-high-rookie-of-the-year,65ed1433-cc81-4bc6-a6eb-576ebb3ccc42
3,/air-jordan-1-retro-high-off-white-university-blue,0b8a6d84-639c-47ce-957a-ed9f86079c06
4,/air-jordan-1-retro-high-shadow-2018,d4850672-2ab7-4fe5-9185-aaee302c2111
5,/air-jordan-1-retro-high-homage-to-home-nn,162fa439-6572-469a-9340-780816245e9f
6,/air-jordan-1-retro-high-union-los-angeles-black-toe,4164bc35-8921-4c27-99e5-f05a8e17070f
7,/air-jordan-3-retro-black-cement-2018,43828c9c-b295-42ee-a2ec-461bc01fe00a
8,/air-jordan-1-retro-high-patent-gold-toe,4b639012-a5e0-48c9-ae70-811f8413beb9
9,/air-jordan-1-retro-high-chicago-crystal-gs,8131ebb4-9929-4a8c-a12b-39ece46e733b
10,/air-jordan-1-retro-high-union-los-angeles-blue-toe,f12b195b-cef5-4723-9b59-d4664d3fa474
11,/air-jordan-4-retro-travis-scott-cactus-jack,104e1c79-26a5-463d-86c4-88ca95ad2d3e
12,/air-jordan-1-retro-high-bred-toe,e2213059-bad6-4a09-8b3f-e78fe4013256
13,/air-jordan-1-retro-high-alternate-black-royal,be4ecfe7-aaea-4279-a130-911a51c8ce3b
14,/air-jordan-1-retro-high-no-ls-varsity-red,aa18932d-416e-4bd0-826b-25442c30832f
15,/air-jordan-3-retro-tinker-hatfield,d16949ac-db4d-4937-bd03-a7e892bde426
16,/jordan-11-retro-space-jams-2016,5ee9da0d-d10a-4d5f-9b2c-6e170ac87aaf
17,/air-jordan-4-retro-raptors,081f7182-23d8-4172-88b6-6f1ca7a71894
18,/air-jordan-1-retro-black-blue-2017,a51561a1-ec03-47b2-9cdc-82b5b12f6771
19,/air-jordan-11-retro-win-like-96,7d962d7a-fd3b-47ac-8f6f-b5b61d395b6e
20,/air-jordan-13-retro-he-got-game-2018,8d1418ba-6cf9-4364-abb8-89df9c4d4441
21,/air-jordan-11-retro-midnight-navy-unc,eb4a7dae-34ea-48b4-987b-5baf6fada2d3
22,/air-jordan-4-retro-levis-black,9894ee3a-d407-404b-a062-e17cd5bca410
23,/air-jordan-3-retro-international-pack,4fdf5faf-09fb-43d8-9a1c-6bb0e1666d6a
24,/air-jordan-3-retro-true-blue-2016,e10b015d-0524-4bae-9be5-a3ae3d0991c7
25,/air-jordan-1-retro-high-nigel-sylvester,74752a77-d8ea-4648-8e63-39628e88650e
26,/air-jordan-1-retro-high-satin-shattered-backboard-w,c04e0b03-bbd2-441f-b4a5-f1138d639d77
27,/air-jordan-3-retro-jth-bio-beige,dabc1997-69bb-4d52-9c6e-0553248c5ad1
28,/air-jordan-1-retro-high-off-white-chicago,7f9c67ff-2cd4-4e27-8b64-518900a1bc0b
29,/air-jordan-11-retro-low-cool-grey,e0fce632-1d0c-45a0-ad2e-4f55f912ba4e
30,/jordan-11-retro-legend-blue-2014,9d2950cb-7cb9-4be2-807e-4b91cc12a4bb
31,/air-jordan-1-retro-high-hyper-royal,d3fdfe95-6670-4f94-9be5-9d6b1c5b377b
32,/jordan-1-retro-bred-2016,17d54a8f-7360-4688-bd56-10e20ae83cf5
33,/jordan-6-retro-infrared-black-2014,002f1c70-7afe-4d30-b335-5a5ffca8bb42
34,/air-jordan-1-retro-high-gatorade-orange-peel,8bb8d71d-d355-4e25-9b22-93c19b09ab84
35,/air-jordan-1-retro-high-clay-green,70e1b854-e2ac-4c46-88da-446376d7fd4e
36,/air-jordan-11-retro-heiress-black-gs,4eb58382-c58f-4a86-a411-28cc4bd8033f
37,/air-jordan-13-retro-playoffs-2017,591e2a9c-b2ea-43a8-a626-a9a8be7f79f6
38,/air-jordan-13-retro-altitudes-2017,21b7abf3-e923-4b6c-8634-e3013fdd9b87
39,/air-jordan-1-retro-high-blue-moon,b1d16ad4-3c97-4545-8d72-62c3c7ef85b0
40,/air-jordan-13-retro-he-got-game-2018-gs,d8898e25-5a7e-4ab9-8c7a-5945098e5ed3
41,/jordan-10-retro-drake-ovo-black,5cf2abfc-97dc-4693-bef4-8864d9247cb0
42,/air-jordan-1-retro-high-6-rings,115bdd16-78d6-43d1-95f4-e96e751703af
43,/jordan-4-retro-black-cement-2012,03741ab4-0ccb-42a6-a38c-469fa6fa6697
44,/jordan-11-retro-playoffs-2012,f75c3849-3f71-42c4-836f-2ebb470a961c
45,/air-jordan-6-retro-gatorade-like-mike-white,31c78796-7dfa-4d15-8392-0825d4e189e6
46,/air-jordan-12-retro-michigan,98e6aacc-6e7d-4f66-bd66-ab238f99bb22
47,/air-jordan-6-retro-gatorade-green,a7d1bb26-6479-454c-9766-0f7e0620c200
48,/air-jordan-4-retro-levis-white,a7d12954-7e20-42ea-9062-439a0bc4e06f
49,/air-jordan-1-retro-top-3,5dd63eea-6977-4d47-842c-d1c00f08a247
50,/air-jordan-6-retro-unc,a631c6f2-37a9-4b27-8c3b-65fc5ea8c27d
51,/air-jordan-1-retro-high-yellow-ochre,91c5bedd-b64d-440a-9c53-ebeeb00cbc9a
52,/air-jordan-1-retro-high-gold-top-3,5cfd5002-57e8-41b5-b6f3-e4289f96fee6
53,/air-jordan-1-retro-reverse-shattered-backboard,c5d3e651-7a60-4fdc-bb79-cab0077c0b91
54,/air-jordan-4-retro-kaws,88312ee1-19dd-4af8-bf5d-4e285bff05d9
55,/air-jordan-1-retro-high-gatorade-blue-lagoon,fd96ab23-1e68-4114-86ee-1e8104719d8b
56,/jordan-3-retro-black-cement-2011,e80c0bf9-0892-4a18-b69a-440b2e0b3705
57,/air-jordan-12-retro-ovo-black,48a74688-9dff-4b7b-999b-feba6a274596
58,/jordan-1-retro-shattered-backboard,fa079883-d8e1-4994-826a-2b9425c2ba69
59,/air-jordan-4-retro-kaws-black,530f0566-f79c-4546-8bdd-67d9ca2a47bd
60,/air-jordan-1-retro-high-gatorade-cyber,81d9f7b8-21de-4560-a4fd-e7e3d37af616
61,/jordan-3-retro-white-cement-88-dunk-contest-2013,bd745a09-ce83-4372-8b99-8208866ef92f
62,/jordan-2-retro-just-don-beach,cbdaf0e6-9bed-4fc8-b4f6-699790729d80
63,/air-jordan-3-retro-quai54-2018,0ce603e1-c9be-4554-a15d-1d0137c9f6e2
64,/jordan-11-retro-concord-2011,7648a246-4902-4bd5-9cd7-4c5f84a22979
65,/jordan-12-retro-psny,3acb61c5-dbcd-4343-b172-17e26190566c
66,/jordan-1-retro-fragment,aa8ff6ae-6b12-4111-b95a-025b128b0965
67,/air-jordan-1-retro-high-camo-3m-shadow,f97fb281-22b4-46ab-ae53-66ed3ca8a456
68,/jordan-10-retro-drake-ovo-white,692cb672-fa7a-4f54-8979-cfda32ad09ea
69,/jordan-4-retro-white-laser,cf87e450-cb7a-4116-8399-1683b6772d24
70,/air-jordan-1-retro-high-homage-to-home,16a5dff4-cb1e-41c5-820a-e79af84646d3
71,/air-jordan-12-retro-psny-bordeaux,ef27434e-dd7e-439b-9b5b-58eef844c3fa
72,/jordan-4-retro-cool-grey,e6324d04-d0ad-4863-a240-03dd57b09ffd
73,/jordan-11-retro-concord-dmp-2006,874a238e-7865-4a38-98df-dab61e30490e
74,/jordan-3-retro-doernbecher-2013,7498533f-a79b-4e59-bd60-f08b86ea60b3
75,/jordan-7-retro-premio-bin-23,a9e2d8a8-35d1-4719-8680-32cadf8855e0
76,/jordan-4-retro-doernbecher,718b1d59-2d6e-44e4-9f28-016f50ce1d8b
77,/jordan-1-retro-black-metallic-gold-2013,f648ee09-2c1e-48ec-b5f5-2d83617f7fcd
78,/jordan-1-retro-shadow-2013,735d05a4-11ec-4ab9-887d-dafedd99c423
79,/jordan-10-retro-doernbecher,400addbe-b64f-4a6a-82dc-42e158896e18
80,/air-jordan-1-retro-high-camo-3m-bred,a106d457-6841-42c6-ac72-431521394eac
81,/jordan-13-og-flint-1997,9b6bacbf-671d-45cb-a61e-b08af44f29f1
82,/air-jordan-12-retro-psny-wheat,672a64d5-99d9-461d-a241-cf9b1e309d4f
83,/jordan-1-retro-black-royal-blue-2001,8726f8e9-4c5a-4f02-9a8a-acd57b24f306
84,/jordan-10-og-sacramento-kings,9d49bb66-7004-4603-aecf-7f1dbadc2bd5
85,/air-jordan-12-retro-psny-olive,24c90687-5ce9-4e5d-897a-741dc3e8baa7
86,/jordan-2-retro-just-don-blue,9b166456-0193-4f87-9943-c3760ffd05f9
87,/jordan-8-retro-doernbecher,645b47ea-c71e-4fa0-912b-5a5581519147
88,/jordan-12-retro-ovo-white,c0672419-6fa0-4992-9bfc-d032523d8abe
89,/jordan-4-retro-black-laser,2baf0b76-04bc-4a33-a3a2-22642088dec5
90,/jordan-2-retro-doernbecher-peacock,bfe56078-a07c-49d8-b1d9-6522ecaea28a
91,/jordan-5-retro-doernbecher,d28fea37-2f65-44c7-99f7-8dbd75165349
92,/jordan-23-finale,240ae62f-8458-46ab-ba49-b7d060fa5a49
93,/air-jordan-1-retro-black-blue-satin-2017,b95f56cf-7fa3-4435-9865-ec9ab07098c0
94,/jordan-13-retro-premio-bin-23,691caa23-a54a-46cf-aabc-6ab0eb59d45f
95,/jordan-23-titanium,1face425-9b5a-4bc2-9fa1-fd30af11f770
96,/jordan-7-retro-miro,637d4e7e-6a4c-4934-a8eb-91da658dfbdf
97,/jordan-13-retro-ray-allen-pe,972837f2-94cc-4502-add0-83dc0446ccd9
98,/air-jordan-1-retro-satin,3e48a4b8-39a7-4d43-8dea-7a8dab518b57
99,/jordan-2-retro-eminem-the-way-i-am,760c5def-2e31-4653-916d-0dd3b2707690
100,/jordan-1-og-chicago-1985,d5028234-fca9-448b-8687-1158e6bf822c
101,/jordan-jumpoff-spike-lee-fort-greene,40dadf99-07c9-4b49-9c0a-1bc7d39bae02
102,/jordan-3-retro-oregon-ducks-pit-crew-black,61197244-8334-46ca-81c5-c3a0ac2ae029
103,/jordan-4-retro-oregon-ducks,ceeedd28-dc71-43a4-86b3-ced2824e209f
104,/jordan-4-retro-eminem-carhartt,b5a3f817-40a5-4ece-a218-ac3fe903379b
105,/air-jordan-1-retro-high-sports-illustrated,26698769-9304-48fb-a946-e637b2ba58a6
106,/air-jordan-6-retro-white-concord-infrared-23,73eb75bd-04a8-4170-865d-1d667de71861
107,/air-jordan-1-mid-alternate-think-16,71c81a43-4801-45c2-bd51-194c39b5df9d
108,/air-jordan-4-retro-hot-punch-w,2f9d0d3b-ae8e-4ed3-87bd-eede5bac55d9
109,/air-jordan-1-mid-team-orange-black,2fa79162-a337-4dff-be54-c05660f23055
110,/air-jordan-12-retro-chinese-new-year-2019,e93d1950-8fe8-4d7d-b7e8-da3f4236b5ae
111,/air-jordan-why-not-0-2-multi-color,5c8e8970-86c3-4aa8-aecb-4a04c9354254
112,/air-jordan-1-mid-pine-green,fcc3223b-29a6-4b1d-b832-fc1ea6a7203a
113,/air-jordan-1-retro-high-sports-illustrated-gs,704d3196-3868-4767-8970-e8caa0993452
114,/air-jordan-13-retro-carmelo-anthony-class-of-2002-b-grade,194c4eee-77e7-4129-9a81-427a39a4264a
115,/air-jordan-11-retro-platinum-tint,a97cb5d0-cf3a-48c4-9020-d844d99916ec
116,/air-jordan-1-retro-high-pine-green,a7cccc96-7da8-4e0d-9df0-3671622f8c0d
117,/air-jordan-1-mid-top-3,d289fab4-4ea7-4ada-80f3-ecf1fc9b9d36
118,/air-jordan-1-mid-deep-royal-blue-black,96d7ccbc-fd5a-41a9-ae5d-680f2470855f
119,/air-jordan-12-retro-gym-red-2018,4dc1d750-5195-44c0-ae66-23e3c5d04152
120,/air-jordan-1-mid-white-black-gs,cb091ab2-a9b6-4893-b21a-0a29ed330aa8
121,/air-jordan-11-retro-concord-2018-gs,610ee167-e381-4925-953a-49efcde2ebb0
122,/air-jordan-1-retro-high-aleali-may-multi-color-w,7528231b-dd55-423b-958e-94ae85be4a24
123,/air-jordan-1-mid-top-3-gs,62d4792b-11b4-4197-b429-5a205dd5e5c1
124,/air-jordan-3-retro-mocha-2018,ac230b9d-a98b-4cb0-8a31-990a13565940
125,/air-jordan-1-mid-white-black,5c5d3150-983f-454f-aa43-03d59d2edc7c
126,/air-jordan-1-mid-pink-foam-gs,27eac8da-ba70-465a-93ac-42ee1b363082
127,/air-jordan-1-retro-high-chicago-crystal-ps,6f58e588-7174-492a-ab78-ced1a6fc03c5
128,/air-jordan-12-retro-winter-black,8348444b-b14b-4a2c-8cf3-c8a47184df27
129,/air-jordan-1-retro-high-court-purple,2187a869-4125-454f-a6df-f4efeda8baea
130,/air-jordan-1-mid-white-black-hyper-pink-gs,ed4e53ce-5966-4477-a708-7c8669639a05
131,/air-jordan-1-mid-pine-green-gs,96fd47d0-1b29-4268-9356-5aed1ab75dcf
132,/air-jordan-1-retro-high-chicago-crystal-td,62c3caa7-ea60-4b26-855b-81050d5a2a27
133,/air-jordan-10-retro-orlando,43052e53-851e-45e9-a29b-099685f75145
134,/air-jordan-11-retro-prom-night,9358197f-94ec-43d0-9ee9-ac9ffc2b81fd
135,/air-jordan-4-retro-tattoo-singles-day-2018,83e8b7bd-386e-47c1-b00b-3b1c613b936f
136,/air-jordan-11-retro-cleat-concord,b0929983-962e-4e93-9c2e-4da86f1c83d4
137,/air-jordan-5-retro-international-flight,8b803da9-de89-45f1-b119-d0a8f9e97609
138,/air-jordan-13-retro-low-clot-sepia-stone,6e5bd222-64b2-4cc8-93ac-c8a113eb0870
139,/air-jordan-1-mid-gym-red-black,60091bd8-9b21-4fd9-b6a4-fb11c706807c
140,/air-jordan-6-retro-tinker,b116ad16-ef4e-4e75-a6b8-a222e90ac017
141,/air-jordan-5-retro-paris-saint-germain,445f3a35-78bc-46d8-94ea-361bfce0caf0
142,/air-jordan-19-retro-white-flint-grey,63fda0b0-8222-42a9-b858-615328394700
143,/air-jordan-3-retro-black-cement-2018-gs,ec6dd9ea-46a8-44b6-8bd3-18b569cb4bdc
144,/air-jordan-5-retro-satin-bred,d09cfcf1-b609-4e59-b50f-15e5cc3434ef
145,/air-jordan-11-retro-low-emerald-gs,9fdf0ba9-e35d-4571-8e4f-8a02e844523f
146,/air-jordan-12-retro-international-pack,0affdd73-3e37-48b6-aa3c-6a4fe6623663
147,/jordan-4-retro-white-cement-2016,bdbd4a40-744a-467d-b7a1-ae5c76a1d91b
148,/air-jordan-6-retro-diffused-blue,81864c9c-ed40-4c47-a386-057197ea0f5f
149,/air-jordan-3-retro-chlorophyll,b40a3d9b-7d7a-42e3-84d0-58bc639bf372
150,/air-jordan-1-retro-high-court-purple-gs,59097106-fa4c-4e59-8e18-8853b0ee7209
151,/air-jordan-1-retro-high-neutral-grey-hyper-crimson,e3807016-ae5c-46f2-9c48-ba3357508fd1
152,/air-jordan-11-retro-low-derek-jeter-re2pect,58aae681-4519-49f7-a336-df5849599a41
153,/air-jordan-3-retro-katrina,48feafd2-ec9f-4d9e-a5ed-447757d7a91d
154,/air-jordan-4-retro-laser-black-gum,d6f18fed-67d3-480c-9494-882e905044ab
155,/jordan-11-retro-72-10,401a55df-65e4-4e83-9b85-f5054d3f7b85
156,/air-jordan-4-retro-motorsports-gs,350d1984-ad8d-4f1d-a17d-99d7708bd724
157,/air-jordan-9-retro-bred-patent,5e99c181-b8d1-40c6-a502-b3cbfbc660e1
158,/air-jordan-1-retro-high-wheat,f4af0a56-c2b3-4534-bf9e-a4a39598aa06
159,/air-jordan-10-retro-tinker,3b29f1b3-cf1d-4518-8b8f-9b2453ddc701
160,/air-jordan-1-retro-high-paris-saint-germain,81f3640b-df15-4eca-b1a2-3a7ea9b6fe61
161,/air-jordan-8-retro-south-beach,e2999f8c-b397-4dd0-86ca-fbd88d0d3dda
162,/air-jordan-1-mid-gym-red-black-gs,569ddb6d-9008-4228-92d9-63cc0d28f752
163,/air-jordan-1-mid-black-cone,9585def1-da84-4fca-981a-4f15c50be5d7
164,/air-jordan-legacy-312-tech-challenge-2-hot-lava,479bfdbf-aebd-440e-b61c-bd91a80c06c9
165,/air-jordan-1-mid-south-beach,a32838b9-40a8-4bb5-ad47-fae7116adaca
166,/air-jordan-10-retro-shadow-2018,45dfe9f2-f4a7-4bb4-862c-d4104de4d052
167,/air-jordan-legacy-312-elephant-print-bred,d327fa03-401e-4a52-ba68-99701c21a3af
168,/air-jordan-12-retro-winter-black-gs,31d79eda-32db-4a02-9f41-3e352fe743fd
169,/air-jordan-3-retro-pure-2018,2c2072a7-0bb1-431f-bf74-f40e80c95db0
170,/jordan-8-retro-aqua-2015,0ce94034-afb4-410f-9be7-9cd951225515
171,/jordan-12-retro-flu-game-2016,265eca11-aff7-4fb9-9501-30ed7100ecd6
172,/air-jordan-14-retro-last-shot-2018,f6179a7a-7b21-41a5-87bf-885268f78e04
173,/air-jordan-11-retro-platinum-tint-gs,c426719b-8717-4117-a9a7-bf8a74d2ba8a
174,/air-jordan-4-retro-pure-money-2017,bae0044d-d550-41b4-854d-f59dca79af60
175,/air-jordan-13-retro-low-clot-black,667f06a6-8608-4a49-a1c0-d0e4a1ad4f79
176,/air-jordan-1-mid-black-dark-concord,cef26a49-eadc-4cd4-8c6f-f026f55cfb5b
177,/air-jordan-1-mid-white-plaid-gs,ddf69bab-92d7-47bd-bb58-7df7adaa2ab6
178,/air-jordan-12-retro-gym-red-2018-gs,748fe793-8ceb-41fa-8511-bc1ea1ea8425
179,/air-jordan-11-retro-low-university-blue,1550830c-a412-4cb3-80d5-fa1c369e41b9
180,/jordan-7-retro-hare-2015,a297d9e7-5b8c-4b38-9e76-a95ea1661fb8
181,/air-jordan-15-retro-doernbecher-2018,087a6c69-e19f-4ec5-996d-e5682f660424
182,/air-jordan-1-retro-all-star-2017,86b3e2d9-717f-44a8-9c9e-ae56c51020e8
183,/jordan-12-retro-french-blue-2016,20bc360e-1273-4f67-a35c-e3982927ac96
184,/air-jordan-future-premium-black-infrared-23-2018,57eee7c0-b3e3-4adb-9d68-598f37b4b3c0
185,/air-jordan-11-retro-concord-2018-ps,9fcb4852-cdf3-4b77-a4c1-92878ad60138
186,/air-jordan-1-retro-high-la-black-gold,a946deca-ca4e-4b4b-88f8-3c00d5fc8d11
187,/air-jordan-1-mid-white-black-fuchsia-blast-gs,7d93e601-237d-41af-b56b-c2e482d746ce
188,/jordan-6-retro-maroon-2015,39dd0ac5-1d41-494a-9740-846e8f68120e
189,/air-jordan-1-retro-high-off-white-white,106cf74a-d00e-4d0d-a25a-e8821db1ed7f
190,/air-jordan-future-phantom,9e61b12f-4aa9-425e-b078-1c0eb99ceb01
191,/air-jordan-1-mid-south-beach-gs,37611aed-0024-420d-ac81-591331c9aa63
192,/air-jordan-10-retro-light-smoke-grey,ea573db8-770c-48b6-b2d2-108090d8dfd8
193,/air-jordan-4-motorsports,038787c2-2b85-4708-85b9-60d0c72f4563
194,/air-jordan-3-retro-flyknit-black,f4fc77ac-8af9-4757-81b2-da94f3d37287
195,/air-jordan-12-retro-chinese-new-year-2019-gs,00e9d85c-1bac-4f94-97a6-1a3a4dba6341
196,/jordan-6-retro-infrared-white-2014,e2822259-552f-45cb-b679-4be54c81c4d8
197,/air-jordan-1-mid-equality-2019,7dacfc4f-3895-49e6-8ecb-79a4e08ff2c3
198,/air-jordan-5-retro-wings,c1453e36-3949-48d4-bdb9-ce3810450449
199,/air-jordan-1-retro-high-bred-toe-gs,4053dae1-1d85-424a-a083-85b5ed834023
200,/air-jordan-legacy-312-rookie-of-the-year,f61eee3c-0a54-46c7-be01-19f2fb01458b
201,/air-jordan-1-retro-mid-black-dark-grey,2278b0f6-a1bc-47df-b985-e1a629e6e16c
202,/air-jordan-3-retro-awok-vogue-black-w,26f8ce59-32e6-4983-8972-9d03df2f3d0a
203,/air-jordan-10-retro-russell-westbrook-class-of-2006,afa5fb0f-2d2f-42b5-8e1f-5960a7fa47e8
204,/air-jordan-1-mid-hornets,1a444021-2ff3-4817-9a31-56ca05d6f115
205,/air-jordan-13-retro-phantom-w,514329d8-86f6-48e7-9461-c0ba68a3319c
206,/air-jordan-1-retro-high-gatorade-rush-violet,6f1c32d5-ed63-49a5-bfb2-8bd76ea850a0
207,/air-jordan-13-retro-low-pure-platinum,9cfe8bba-1801-4ee9-a3c1-3f0e0cf0da06
208,/jordan-13-retro-low-bred,5cbb4973-811d-44b2-be04-12f21626a26c
209,/air-jordan-13-retro-alternate-history-of-flight,66522f94-5db9-44e8-9313-0c515daca9f6
210,/jordan-11-retro-low-closing-ceremony,960a5342-951c-4a89-be33-7d72749e92f8
211,/jordan-12-retro-gym-red,fb504be2-b13d-47eb-ad10-0e36fda17db2
212,/jordan-6-retro-carmine-2014,bacb1ab7-811e-4e2a-b634-e65a5d8b681d
213,/air-jordan-1-mid-pro-purple-desert-sand-gs,27752cec-88d0-4886-abaf-acb3bc989d2e
214,/air-jordan-1-mid-reverse-new-love,b69b5098-c5b4-4ed8-8668-929efebbbf70
215,/air-jordan-1-retro-high-flyknit-shadow,8c54d4ca-5751-49b2-b9b5-d71386206f02
216,/air-jordan-1-retro-high-camo-3m-wolf-grey,a62ac3bd-75b3-4d05-8ad5-02813a0f941d
217,/air-jordan-1-mid-chicago-gs,d60547aa-2a42-4335-8269-41ffdcf86ea7
218,/air-jordan-9-retro-boot-wheat,47fc6e14-e90d-4402-9a7b-ebf225c4809d
219,/air-jordan-xxxiii-sail,ef53a956-5f47-4595-9548-754e4bca1475
220,/air-jordan-1-retro-high-wings,07447505-bec2-4b38-9f46-af513d30bd0b
221,/jordan-3-retro-fire-red-2013,33a8c175-9df8-4ee3-9c9c-2871b60b8acd
222,/air-jordan-1-retro-high-re2pect-derek-jeter,22a1b327-3cf3-4319-9115-17659b4ab56d
223,/air-jordan-12-retro-chris-paul-class-of-2003,968ec48a-e8b1-4842-82f9-98d7f9e06b23
224,/air-jordan-4-retro-royalty,a6108e53-371e-461e-b49f-316c7d1c257e
225,/jordan-4-retro-oreo-2015,74675741-2287-4583-a3f8-7aba29579fff
226,/jordan-4-retro-30th-anniversary-laser,da02d52d-b926-4ecb-b8b0-c1ab252f620b
227,/air-jordan-future-triple-black,a9becfe0-c522-403b-b08d-1a45b4170e32
228,/air-jordan-13-retro-og-chicago-2017,b2c086f6-d04a-4ed8-8325-7812b4b64916
229,/jordan-7-retro-marvin-the-martian,4973cbb7-902f-4474-afeb-2f3b76065eac
230,/air-jordan-4-retro-fire-red-w,6bd63a3c-2637-48a1-915e-7dbb3a00b7ed
231,/air-jordan-5-retro-p51-camo,9d3ccbc1-6b0f-415c-987b-73eabba42fd9
232,/air-jordan-9-retro-boot-black-concord,c704ac40-e13a-4758-84fd-ef37c3cefc06
233,/air-jordan-5-retro-red-suede,8365b671-ece7-4e83-bb2d-a6790e63f5c6
234,/air-jordan-11-air-jordan-11-retro-win-like-96-gs,b72a5b7e-f73c-4f5d-a276-6b88bbd6ad8b
235,/air-jordan-6-retro-all-star-2017,41f639ee-a50a-41c1-8dd0-dc368f79f298
236,/air-jordan-8-retro-cool-grey,6caea209-79ea-4b6c-b967-622126718b65
237,/air-jordan-legacy-312-storm-blue,296f61de-0eea-4973-88b4-9a9ae079d755
238,/air-jordan-1-retro-high-shadow-2018-gs,cb7047ed-0071-4ace-b4ef-a9f510a2c682
239,/air-jordan-xxxiii-chinese-new-year-2019,ed2e746b-5070-48cb-b6cf-a9c413a34275
240,/jordan-7-retro-bordeaux-2015,ac31c090-fbe1-4139-b6a6-334b355e5f91
241,/air-jordan-12-retro-dark-grey,10dd3110-c46f-4d8e-95cb-794615210811
242,/air-jordan-9-retro-og-2016,62f5ee4b-c7fd-48f1-86b5-072eb1909fcd
243,/jordan-4-retro-toro-bravo,c45b7d26-650a-4682-9769-924d5d0df102
244,/jordan-11-retro-cool-grey-2010,c4d82a06-0922-4536-87e2-65338e148e78
245,/air-jordan-13-retro-carmelo-anthony-class-of-2002-td,0e7201dd-27ca-4767-a883-cf5928f6d2b6
246,/air-jordan-11-retro-cleat-cool-grey,79f0eb8e-05fb-4241-8265-c5b077524f65
247,/air-jordan-11-retro-cleat-white-red,2d30ad5a-b98f-4871-ac07-fb3d7bd747f6
248,/air-jordan-11-retro-concord-2018-td,14d5484d-59f6-4018-a544-0d08ea5ff59b
249,/air-jordan-1-mid-triple-black-2018,65c6e516-200a-452a-bff6-a67c265a439b
250,/air-jordan-1-retro-high-flyknit-royal,0f1136fe-6535-48cd-bec5-6c99321835ec
251,/air-jordan-spizike-black-varsity-red-2017,5124bd56-ac6a-439e-ad96-0c428937f496
252,/air-jordan-1-rebel-xx-concord-w,2887a8fd-3bfc-4be2-820c-599def401754
253,/air-jordan-13-retro-olive,ef7b4752-10a5-4f90-ab23-11a0576eedd6
254,/air-jordan-11-retro-neutral-olive-w,15fcdfba-903f-43f6-b569-9fa08917ad50
255,/air-jordan-1-retro-high-flyknit-bred,d9fc8732-b0bf-46a4-92cb-8d8b82e59903
256,/air-jordan-6-retro-wheat,61145724-70cf-42ab-bdbe-d04f38013906
257,/jordan-1-retro-30th-anniversary-laser,676381c3-cd3d-4791-bbb6-dcbf317575dd
258,/air-jordan-11-retro-low-rose-gold-w,870f1c96-4136-4f93-b883-bbff3db13378
259,/jordan-3-retro-crimson,46aa0795-9098-400a-a0f9-03a74570f682
260,/air-jordan-13-retro-white-hyper-royal-black,a9027edd-fc07-4c76-97dc-6c8b007faeca
261,/air-jordan-11-retro-low-emerald,8e45ee7c-cf98-49c8-b0a6-cc801d3ddff1
262,/jordan-12-retro-grey-university-blue,4f41ff8e-2b38-4119-9f10-1b2f5d3138a3
263,/jordan-6-retro-sport-blue-2014,05641064-beb4-4c4d-aba9-7d58eeaebdf0
264,/jordan-3-retro-sport-blue,30b6f31e-ba9d-41c0-8e43-ec526e65d5da
265,/jordan-5-retro-grape-2013,f790b400-1a77-4a43-8eac-1a8a3e073835
266,/jordan-4-retro-11lab4-black,9aff1f88-eefb-4265-a4fc-a815e0082ae1
267,/jordan-5-retro-black-metallic-2016,d682a939-b5ad-421a-9130-0003da9a3854
268,/air-jordan-xxxiii-university-red,3085d705-a120-4f6b-8ef6-6ac924db165d
269,/air-jordan-8-retro-ovo-black,423b8821-3a80-485e-bb39-c94e23ec3ac9
270,/air-jordan-1-retro-storm-blue,ebb7f1fc-243c-4765-8333-acd0c38833f6
271,/air-jordan-1-retro-high-pine-green-gs,2807f1f7-b15e-4c76-b6d8-e593597c8cc7
272,/air-jordan-9-retro-mop-melo,a063445d-07ea-4a79-a064-e7aab3849b70
273,/jordan-4-retro-green-glow,51120451-8c88-4ddb-87e4-b0bf09c256d1
274,/jordan-11-retro-low-concord,cabb40aa-3609-4122-9dbe-a03bc1d405f4
275,/air-jordan-3-retro-slam-dunk-white-cement,34dd5576-ba2c-4ea9-b211-a7a355a90e03
276,/air-jordan-1-retro-black-toe-2016,cb7c2df4-6475-4a83-875b-7d3b6b849687
277,/jordan-13-retro-flint-2010,339db118-e5c1-4476-a4d3-664e7b9925da
278,/jordan-11-retro-gamma-blue,9b9c0337-9703-440e-9386-7418e1807a33
279,/nike-air-air-jordan-3-jth,ac230e83-426c-442b-b84d-e70e3f449f59
280,/jordan-1-retro-chicago-2015,7688785d-907f-437c-879d-344055d8203e
281,/air-jordan-1-retro-high-think-16-pass-the-torch,accf194c-b94b-4039-bef0-5f20ea784c84
282,/air-jordan-1-retro-high-solefly-art-basel-sail,a4515980-4a41-46b8-a281-0a015965c58a
283,/air-jordan-1-mid-crimson-pulse-gs,d3f54e8a-f488-4d9d-a639-751bc0ff6bf8
284,/air-jordan-black-cat-black-turbo-green,471246c6-11de-47c7-8956-0620cdef7eb3
285,/jordan-1-retro-yin-yang-black-gs,256a0165-ec82-4d78-8716-693981f7ddb5
286,/air-jordan-1-mid-royal-paint-splatter,3223286e-6d8a-4487-a16d-6ac7ba7b90e5
287,/air-jordan-1-retro-white-perforated,61122823-b20d-49d5-8d69-c49ff02b9986
288,/jordan-xxx-unc,f6f53344-b455-472e-a1e6-1dfceade7bfa
289,/air-jordan-legacy-312-trainer-3-medicine-ball,83ff1113-89cb-46d3-9165-8c6275f4a315
290,/air-jordan-legacy-312-hyper-jade,0c1c4bf7-b088-4e5a-8af2-af8ccdb14967
291,/air-jordan-1-retro-high-hot-punch-w,43980138-012f-4012-b7d7-510f55d07c2b
292,/air-jordan-1-retro-high-rox-brown-w,bcf87dc8-c0ed-40f6-863d-d221d0d10f80
293,/jordan-13-retro-grey-toe-2014,77da776c-1290-4734-a44b-10af294e7a92
294,/jordan-7-retro-hare-2015-gs,ee113888-2ffc-449b-ae5d-b2276423b8e4
295,/jordan-1-retro-metallic-navy-2016,5f5318a5-1e80-46aa-b786-aa5a12b72322
296,/jordan-5-retro-laney-2013,2a1bf2c2-6c95-44b3-85de-13e9bdcf1c92
297,/jordan-3-retro-powder-blue,1da97544-f389-4b2e-a904-af95266010e6
298,/air-jordan-4-retro-motorsports-alternate,c7d91970-195b-40d2-b7ab-410999371135
299,/air-jordan-1-rebel-xx-top-3-w,302b1e06-c7ae-4801-a996-2506663abc51
300,/jordan-4-retro-military-blue-2012,7dea096e-ab44-46d1-8672-f205cc365915
301,/air-jordan-1-retro-high-og-royal-2017-gs,18c32acd-3bc7-4b8c-bb5b-95690dab6d04
302,/air-jordan-8-retro-valentines-day-2018-w,a8a14283-0eb7-45ef-86ca-aa0263aac430
303,/jordan-8-retro-playoffs-2013,abd627fa-febf-4004-859d-89593f3df487
304,/jordan-12-retro-the-master,79963c42-29f9-4f6d-bc82-5ca4d197434a
305,/jordan-11-retro-pantone,fd1b6b9e-0ebb-4728-a33a-e4d0721092be
306,/air-jordan-1-retro-high-solefly-art-basel-black,8e6e3bdc-7a5e-4885-8250-5f696983f96a
307,/air-jordan-1-retro-high-decon-ice-blue,3e8bd539-38c5-4823-9492-b5a7ebdf2edf
308,/air-jordan-black-cat-black-concord,0e713145-cb93-42e6-aa51-cd9325c55360
309,/air-jordan-1-mid-obsidian-game-royal,54aa71f4-918e-4e9c-9244-9db065cd21b1
310,/air-jordan-3-retro-international-flght-gs,69f3d9a1-f8b1-4e7e-8b54-f7cae22a733c
311,/air-jordan-1-mid-triple-white-2018,97b6ba49-b217-4a1c-88b3-137b5df5891a
312,/air-jordan-legacy-312-command-force-volt,3f024198-d1bb-43bc-ae07-62bcbecc6d54
313,/air-jordan-31-royal,dfc3a441-a742-48f2-b345-b5dbb63d0a6c
314,/air-jordan-1-retro-essentials-sail-gs,08399f51-773c-4fb7-98b5-0711882f6c18
315,/air-jordan-12-retro-vachetta-tan-w,0a96f04e-d847-41cb-a6ac-1868532d3d08
316,/air-jordan-1-retro-high-pure-platinum-desert-sand,a0bb1a1c-5e46-4f78-b3ec-5cc38dc024b6
317,/air-jordan-xxx1-banned,f46b1469-df0f-43de-a121-ebc18606b3fd
318,/jordan-4-retro-alternate-89,0bd67d3c-5749-4c54-9560-d396ab580812
319,/jordan-12-retro-flu-game-2016-gs,5f74faa0-b6ca-44a0-aad6-ace74ce32352
320,/jordan-10-retro-bulls-over-broadway,b6c80ce2-ed4c-474a-a82b-9040f865fb67
321,/air-jordan-5-retro-sunblush-gs,dd753584-9565-4ef9-81e4-43a13953e602
322,/jordan-4-retro-teal,1073e3ef-bfc9-4231-9597-7045f4f9c972
323,/air-jordan-6-retro-alternate-hare,5db9efcc-58e8-4277-8af4-37a736ff6481
324,/air-jordan-12-retro-bordeaux,1bef5dd0-b85b-4407-832e-e3f4e27b659e
325,/jordan-3-retro-5lab3-black,9d2b4b7a-ecdd-4bc1-801c-48ce40a54745
326,/jordan-4-retro-columbia-2015,1c63e131-3c22-4eac-acf2-bff063fc1bf8
327,/air-jordan-5-retro-white-cement,4d5e9c69-c524-453f-bbfd-a8a3977382fb
328,/air-jordan-5-retro-grape-fresh-prince,2128324e-091e-4604-858a-39c671ef9a38
329,/jordan-11-retro-low-georgetown,4e04c964-7479-4162-9182-a65ac79f05d4
330,/air-jordan-1-retro-high-alternate-black-royal-gs,e3501ca0-acff-47db-b13c-1e140e847a2b
331,/air-jordan-6-retro-chinese-new-year-2018,1210d0c7-5586-48c4-9cf0-131c0b0f0ca3
332,/jordan-6-retro-champagne,cd34cfc2-e89c-4312-aae1-77c2795831d8
333,/air-jordan-4-retro-levis-black-blank-tag,a0cd3f76-5101-4149-9727-4cf763a471bf
334,/jordan-1-retro-unc,39c9739e-4fa3-40be-ba0c-456dcfd7664e
335,/jordan-12-retro-cherry-2009,76ccb4f5-3802-479d-8189-cd603aa3c125
336,/air-jordan-4-retro-levis-denim,2cd05a03-2c44-4975-a029-45c2a60b0d06
337,/air-jordan-1-retro-high-no-ls,b24c4cf4-8bfd-4726-a769-f2e5e2b5da6c
338,/air-jordan-future-hyper-royal,7c20b05d-5394-499e-a156-995abbf7b8f4
339,/air-jordan-4-retro-motorsports-alternate-gs,019a1ad7-7a86-4af3-8ee2-bc007cde1c3c
340,/air-jordan-11-retro-cleat-black,93ea5f30-870b-4b02-a388-c2f7f9e1e1fa
341,/air-jordan-1-retro-high-hyper-royal-gs,9d493a81-0777-4ed1-96ba-9dd208d4e64f
342,/air-jordan-1-mid-black-dark-concord-gs,ef1d5e90-d2b0-4c8e-87a3-8aa69286164f
343,/air-jordan-12-retro-desert-sand-gs,20812dbf-4c32-463d-8767-3a9f99201774
344,/air-jordan-1-mid-trooper-bleached-coral-gs,fb34493f-c62b-4e4b-a662-20fa1c358333
345,/air-jordan-1-mid-chicago,542ac8b1-7426-4ad4-ae37-930b58d5668f
346,/air-jordan-legacy-312-ghost-green,9529e240-e245-4807-b3f2-91dcd4628f5e
347,/air-jordan-1-retro-low-og-white-vachetta,130c5379-24fa-4804-b27c-1e0a283ff143
348,/air-jordan-1-retro-black-perforated,28a3ec08-fc1c-4249-8eb1-5d75baa9430f
349,/air-jordan-xxx1-low-white-pure-platinum,bd61cb34-cf34-4ee2-ba42-75c531f52d32
350,/air-jordan-xxx1-chicago,57d08a32-54a3-4d90-a4eb-09585b718694
351,/jordan-12-retro-french-blue-2016-gs,0245aec0-3a9f-474f-a4fa-d98257f40673
352,/jordan-1-retro-david-letterman,380efc9a-5a73-44a3-8f9e-6657ca98cd46
353,/air-jordan-xxxii-unc,80e46866-790d-4cb9-b77b-cc4151bbde09
354,/jordan-10-retro-lady-of-liberty,d91dc8eb-3973-4305-bb0f-7a06de9aedb5
355,/air-jordan-xxxii-black-cat,a086de29-4493-4ef6-9d2a-d415f2bedbb4
356,/air-jordan-13-retro-white-hyper-royal-black-gs,eae6609c-8445-4549-b532-8613dbbde2db
357,/jordan-5-retro-low-dunk-from-above,04029d8c-70bd-4036-819f-33f8de0bfeb9
358,/jordan-1-retro-cyber-monday,93252709-0c96-48df-862b-5536a7306ec2
359,/air-jordan-11-retro-low-white-ice-gs,a5bb6cc6-a4cf-4970-9587-e6c246640abb
360,/air-jordan-3-cyber-monday-2016,c4b1daf1-bd45-4caf-be36-418517ae071b
361,/jordan-7-retro-barcelona-days,90bc2e72-0b73-4e61-b80b-815b68a55c4a
362,/jordan-7-retro-barcelona-nights,a4de326e-74a3-479a-a143-80e7b49c12b9
363,/air-jordan-14-retro-desert-sand,f124f0e5-3df2-4af1-b750-ad462f6e33c5
364,/jordan-1-retro-yin-yang-white,a152b0a4-1c3b-46c9-83d4-89b1821948c2
365,/jordan-5-retro-olympic-2016,ec27cef2-88aa-444e-8bf7-8029fced816c
366,/air-jordan-xxxiii-visible-utility,236b367e-4eb1-4e51-8dca-1be04899e60a
367,/air-jordan-1-retro-high-flyknit-derek-jeter-re2pect,7710701a-b183-46a8-9166-e049f230f28f
368,/air-jordan-10-retro-im-back,a2f68ad6-4a55-4211-8552-1d6f9aceca18
369,/jordan-1-retro-yin-yang-black,e63bf712-4df0-402e-a8b2-490b88a78397
370,/jordan-7-retro-french-blue-2015,9007bb77-0a3d-466b-9ad1-b31002f25e13
371,/air-jordan-11-retro-night-heiress-maroon-gs,48e49a37-7ac4-4ad4-a8e1-552c9980a9b8
372,/jordan-6-retro-history-of-jordan-spiz-ike,4d6d7e6e-e28d-4e96-bf63-cc23ee8f472e
373,/jordan-3-retro-fire-red-2007,aa2a9b1a-78b0-408b-a9e9-381908afcc5e
374,/jordan-9-retro-statue,0259082e-dc19-4fdc-b3e5-a21dfba6dbed
375,/air-jordan-16-midnight-navy-2016,2a4df46d-b677-41fd-bc2e-bf83666b86dd
376,/air-jordan-11-retro-space-jam-2016-gs,2b622a3a-2755-483e-8d82-38263c8311cd
377,/jordan-5-retro-3lab5,59830c04-2290-465f-aa97-8934351bd1c6
378,/jordan-5-retro-fire-red-black-tongue-2013,09e07ba3-93cf-4ae3-af72-fc863bdb7006
379,/air-jordan-1-retro-high-og-metallic-red-2017-gs,6282046e-62e8-4219-8e67-9d87667de076
380,/jordan-10-retro-double-nickel,956af419-afd9-417c-aec0-c45840ca843f
381,/jordan-13-retro-barons-hologram,1e87d6ae-6c61-4bd8-9eee-df92a4bbffa1
382,/jordan-7-retro-nothing-but-net,ee288172-33ff-4b7e-a60e-1dc36700ea82
383,/jordan-8-retro-chrome-2015,3228ea2f-096e-4942-9ce4-e942a1c063ac
384,/air-jordan-13-black-cat,50d9283a-b857-4a53-a169-a342917a1298
385,/air-jordan-4-retro-levis-black-gs,f7af7d85-35a6-408e-82a1-bddeaae4b2dc
386,/air-jordan-18-retro-black-sport-royal,5fb939ac-001b-4da7-b205-8bb423fe95a2
387,/jordan-1-retro-dave-white-wings-for-the-future,b5542b27-1dda-4adc-9436-e494693da5d9
388,/air-jordan-11-retro-low-barons,41fe6e8b-6612-4d04-82b3-ee67485c2c86
389,/jordan-11-retro-low-cherry-2016,8d49485f-ffe9-4f35-b80f-9fb094ff2710
390,/jordan-10-retro-steel-2013,1f402a92-d77d-4d89-8095-dfb53daad7fb
391,/jordan-4-retro-fire-red-2012,44c0cda4-1937-4170-9de3-a5dd5b0f7ba3
392,/jordan-4-retro-thunder-2012,2c4a60a0-56cb-44c6-82b4-e694045007d7
393,/air-jordan-12-retro-chinese-new-year,820a1631-e5af-44cb-bb5a-2e446cd4cd89
394,/air-jordan-6-retro-pinnacle-metallic-gold,a1a67de2-4646-4db9-9c78-8172962ac149
395,/jordan-countdown-pack-3-20,d2797a51-504c-4af2-b6b3-0b851e2a70ff
396,/jordan-12-retro-taxi-2013,5ffa9977-ec76-45cb-933d-ff61877ef5f2
397,/air-jordan-1-retro-high-og-all-star-2017-gs,c3e2ddba-0484-42db-b090-ab7884b62976
398,/air-jordan-14-retro-last-shot-2018-td,b9fc5551-9968-4ce5-bdfc-2668ce371d31
399,/air-jordan-1-retro-deconstructed-ivory,cec12aae-b8ef-4718-b970-dacf873e61ff
400,/air-jordan-1-retro-high-shadow-2018-ps,1433ce21-dba4-4e6f-91f7-8416d81de1ba
401,/air-jordan-1-mid-phantom-igloo-ps,5e66de83-6f2c-4570-900e-1db2e9305b39
402,/air-jordan-why-not-zer0-1-bred,6093adf1-0618-4252-91a5-4ac23481413c
403,/air-jordan-1-retro-high-shadow-2018-td,adaec683-e998-4051-867d-e2b966da8a5f
404,/air-jordan-1-retro-high-strap-black-anthracite,f84a025d-6016-4081-88c0-3c0ae8e3d34c
405,/air-jordan-1-retro-deconstructed-black,fc4590a3-44db-4e00-91a2-f282b56323bb
406,/air-jordan-1-retro-high-double-strap-olive-canvas,8d26066b-981d-4ada-9e30-a2b95d5c62e5
407,/air-jordan-1-mid-black-red-royal,06a1cf5a-0b25-4b3b-b8da-6e7fa050c733
408,/air-jordan-6-retro-still-blue-gs,a6b03850-6b40-4ea1-8db5-8486c139e8ed
409,/air-jordan-1-retro-high-season-of-her-mint-foam-w,c8fbf6a2-a7b9-45c8-91c2-1f6b4e034d27
410,/jordan-2-retro-low-university-blue,009b32a6-4aad-4ae6-bcb6-cbb908a18cdc
411,/air-jordan-zoom-tenacity-88-true-blue,41e2e5db-521d-4076-953c-b9e7d168f9f9
412,/air-jordan-1-retro-high-guava-ice,ac25f443-4a03-4333-a876-774e4bbe349c
413,/air-jordan-legacy-312-toro,02e2a357-0466-4894-98a7-84488c8951be
414,/air-jordan-5-retro-satin-bred-gs,3fb02e4f-d47e-468c-9566-38bf960c5921
415,/air-jordan-1-retro-mid-team-red-black,36a97258-5e98-4348-9af6-d003324515ef
416,/air-jordan-future-black-white-gold,f2ac100a-4b7d-4cc1-9b5a-3e5202eb965b
417,/air-jordan-8-retro-tinker-air-raid-gs,37e4e56d-b3d2-49e4-b582-2c67429b1a1b
418,/air-jordan-11-retro-low-ie-rio-teal,6d43b691-bbcf-4993-8c61-23b374801aee
419,/air-jordan-13-retro-low-pure-platinum-gs,846209fa-6d4b-4f4a-a0e5-097e0cbe9815
420,/air-jordan-1-retro-mid-winterized-black-anthracite,ce777be3-b8c8-458d-8d7f-90efd4e1f753
421,/air-jordan-11-retro-low-ie-white-gym-red,ce78891e-5a4c-413e-9a73-f82e67668342
422,/air-jordan-1-retro-high-flyknit-black-history-month-2018,e4a4b948-07db-4fc9-92c3-8b4bb0d82a63
423,/air-jordan-1-retro-high-flyknit-clay-green,19cfe437-5f1a-4d8d-b9b8-0453ef359867
424,/air-jordan-3-retro-true-blue-2016-gs,baabbb73-5bd2-41ff-ae4c-ca342d8c909f
425,/air-jordan-3-retro-katrina-gs,173743ba-6f6a-48d3-826c-a0aa4c353baa
426,/air-jordan-13-retro-playoffs-2017-gs,2d93df5e-acdc-423e-8066-b925bda1e417
427,/air-jordan-1-retro-high-mica-green-desert-sand,838c8f68-95e5-4ee2-8346-8e5e2fd2c9be
428,/air-jordan-11-retro-low-ie-flash-crimson,6b481302-0d0e-4d10-8d91-a065544a75ed
429,/air-jordan-5-retro-red-suede-gs,b9dd121f-1765-4fdf-9671-1433e19559e5
430,/air-jordan-1-retro-high-blue-suede,999f7f1e-799b-44ca-a228-d097be47f63d
431,/air-jordan-xxxii-black-red-wolf-grey,0b1ed3ce-0394-4e4a-a25f-33df0ca7b34b
432,/air-jordan-6-retro-gatorade-like-mike-white-gs,a587a934-6f84-40b3-8855-565afbcb4b5b
433,/air-jordan-6-rings-white-university-red,225e0578-eaf6-418d-8d11-7d012d316e6f
434,/air-jordan-1-mid-infrared-23,56cabaa9-aa88-46c1-9e33-a982712bcc66
435,/air-jordan-nike-air-2010-387358-black-red,9d4c33b2-0193-4d6b-ac8d-42596a2d62d3
436,/jordan-5-retro-pre-grape,cfc63229-e80c-4577-8a68-e791e4997694
437,/air-jordan-4-retro-sand-2017-gs,4b69dec8-bb5b-409b-8116-137e1633139a
438,/air-jordan-1-retro-ultra-space-jam,3d3a01c4-afe9-4c74-9831-6e0599e4ff10
439,/air-jordan-1-retro-essentials-black,07aade20-3c4b-41a4-bc84-af52f6bd4a5f
440,/air-jordan-18-retro-racer-blue,1d403b5e-4c2b-480c-aa84-574fe2e53071
441,/jordan-10-retro-powder-2014,6efe6ad6-65ee-4bbb-8c6b-a6681f89c652
442,/air-jordan-2-retro-melo-2018,b12d9e77-d7ea-4c15-ae6c-ab9da37a597b
443,/air-jordan-son-of-mars-low-navy-blue,b66647e9-e7f3-47fd-ac27-2cb05105502e
444,/air-jordan-15-retro-doernbecher-2018-gs,18881d54-90f0-430b-9a28-d912106aa13c
445,/air-jordan-1-mid-reverse-bred,f85eb5f3-40a9-47b6-a574-8278b4f5996b
446,/air-jordan-12-retro-bordeaux-gs,c2020cf1-4804-4514-8025-e90183aa2f9c
447,/air-jordan-11-retro-low-cool-grey-gs,3d28a38e-7a07-43f8-918f-688dd1dbe564
448,/air-jordan-8-retro-undefeated,449c1f94-49bb-4691-8c31-eb6caead5764
449,/air-jordan-9-retro-og-2016-gs,f0e34e98-a248-4492-ba87-c6c134fc8e4a
450,/air-jordan-xxxiii-blackout,0b0a2267-c1a2-403c-b199-6aa96d97b0f2
451,/air-jordan-1-retro-high-og-metallic-red-2017,1d1619de-7a0e-4572-a40e-5ca8137a71cc
452,/air-jordan-1-mid-se-light-bone,c4e0ec47-fe28-495a-b021-e8d47eb04276
453,/air-jordan-13-retro-low-brave-blue,77c69137-2fc5-45f2-916e-b44b53fa568a
454,/jordan-13-retro-chris-paul-away,340d7491-858c-4aeb-aec0-856fbd54d43c
455,/air-jordan-12-retro-low-playoffs,d526b077-3609-4921-b40d-e693e89aca6a
456,/jordan-8-retro-bugs-bunny-2013,6d06a279-eb35-4e59-a40a-69c831bf1b79
457,/air-jordan-legacy-312-desert-camo,ba0ca008-d9d8-4d35-b6ca-d18b9f2da6fd
458,/air-jordan-12-retro-chinese-new-year-gs,4bd133e6-e430-404b-a743-94a67d6253f5
459,/jordan-9-retro-anthracite,d087689d-f69f-47f1-9a1f-63bc541dba4e
460,/jordan-13-retro-dirty-bred,7fc5c237-0637-4c8a-a473-557aee115509
461,/jordan-13-retro-3m-reflective-silver,b805963f-b1b0-4f89-95fe-674ed7391dd3
462,/jordan-6-retro-carmine-2014-gs,32650d42-396d-4ac3-a8c1-12c39604b51f
463,/air-jordan-1-retro-essentials-sail,c8cbb1e4-0300-482b-8c4d-c0ec19c0c180
464,/air-jordan-1-retro-mid-new-love-2017,307cbc0c-7e39-48e4-9ad1-6b5a59c92899
465,/air-jordan-18-retro-red-suede,33b4eda7-b4b7-46f3-909d-3f4ee41fed94
466,/air-jordan-1-retro-valentines-day-2017-gs,6238d578-590f-4866-8137-19265c0739a8
467,/jordan-5-retro-black-metallic-2007,6e5299ab-b821-4c7c-abbd-796117c8c236
468,/jordan-6-retro-olympic-london-2012,a5ce17db-65ab-42c9-be90-6270ca992db0
469,/jordan-5-retro-oreo,3a81d26e-ca5e-4f5b-86d8-647ff9bc87b8
470,/jordan-14-retro-black-toe-2014,f8973317-cc46-4e1a-a046-54d28588370c
471,/jordan-1-retro-chris-paul-pe,62b39459-4ae6-4cb9-bebc-4ef5bbd4a8b8
472,/jordan-11-retro-low-bred,11e4b929-264d-498a-894a-019372158dc2
473,/jordan-1-retro-carmine-2014,aac15112-c2f1-4fe7-8a20-ee821bfd2d81
474,/jordan-13-retro-doernbecher,92d5fc5c-590c-46b4-8775-58ca257f5ecc
475,/air-jordan-12-retro-doernbecher-2017,6f53610f-a4db-4ecb-bd01-d89808dddcf6
476,/jordan-9-retro-cool-grey-2012,8cee2683-ae53-42ee-b97e-c14278bdb2bd
477,/air-jordan-1-retro-high-zip-awok-vogue-sail-w,9f9d1679-49fe-429e-90ad-b7d23dbc3387
478,/jordan-3-retro-white-cement-2011,38ee074f-dc05-4509-b9d9-1dbe2594091a
479,/jordan-6-retro-infrared-23-toro,dd33f369-6195-4441-a003-7e00e16f419f
480,/air-jordan-1-retro-bred-2016-gs,cac23a82-1674-450b-abf4-e3b88b9ff20c
481,/jordan-12-retro-playoffs-2012,c93e8a9a-3109-419e-9ba1-12e86ab5f9ab
482,/jordan-14-retro-ferrari,01fb0c95-ca0b-4ce0-bee6-a9bb1b07a108
483,/jordan-11-retro-space-jams-2009,821b3297-e682-45f5-a9b2-c5898ce87a2a
484,/jordan-11-retro-space-jams-2000,33c0f9f1-d53a-4beb-9e7a-5aa2e8bd20fb
485,/jordan-4-retro-classic-green,41b989f6-30a3-4b5b-a3b0-2bd42de62e12
486,/air-jordan-4-retro-levis-white-blank-tag,d2d8d5d3-dabf-4b31-939e-d17028657902
487,/jordan-beginning-moments-pack-1-1,408efd22-7b96-4ec3-b26e-3220a5ada917
488,/air-jordan-1-retro-black-toe-2016-gs,b8194ca9-fd3c-4166-b01a-ddef9fbac05f
489,/jordan-golden-moments-pack-6-7,14d3d0e3-9874-4351-8148-637558b9a301
490,/jordan-5-retro-supreme-desert-camo,2801e6be-0d8d-45af-a642-4ea750ec6add
491,/jordan-4-retro-snakeskin,33a43f9f-95a6-4e3b-b87e-e5663b2bffdd
492,/jordan-1-retro-chicago-2015-gs,b5d0ddbd-c8d4-4366-89af-23196c36abc0
493,/air-jordan-10-retro-orlando-td,6ff34626-4f7d-461b-84bf-9112a6c084e2
494,/air-jordan-grind-white-black,20f32bcc-042a-4fb6-a0bf-7d249687f100
495,/air-jordan-3-retro-purple-dust-gs,a8d31c3b-808f-4caa-a7e6-5306bab9b364
496,/air-jordan-1-retro-mid-new-love-2017-td,4b208ebf-9b2d-4523-bf87-cb8730a7158f
497,/air-jordan-2-retro-decon-thunder-blue,9e95371b-d2b4-4a84-b125-bd3eb962fc35
498,/air-jordan-xxx1-low-oreo,ee1d828b-0fae-403c-9e22-b3d68426fa08
499,/air-jordan-3-retro-wool-gs,68851967-de90-49c9-a022-d7aa665d80b7
500,/air-jordan-1-retro-high-zip-mica-green-w,e470ce35-15ec-45b8-afcc-a50c3aa574b3
501,/air-jordan-10-retro-shadow-2018-gs,c4ff11be-9b59-4823-a364-698b13127001
502,/jordan-6-retro-fierce-green-gs,3b9e78a4-a93a-43a3-881d-6fcddfcdcd98
503,/air-jordan-spizike-gym-red,d570d661-15b9-4253-82b8-84bbaa8f5316
504,/air-jordan-3-retro-black-cement-2018-td,48ddbafc-964d-4439-8b52-f69a097f66b3
505,/air-jordan-88-racer-white-cement,58b5e3c8-f7c9-4c7b-8a66-70af4c2e345c
506,/air-jordan-5-retro-satin-bred-ps,eca0edc4-0101-48f4-bb2b-d8df9cdb9b2d
507,/air-jordan-13-retro-wheat-gs,ee1a4048-ade8-46ea-9de3-63642b1acdfe
508,/air-jordan-10-retro-im-back-gs,c55ae23c-c77e-4c40-8a11-36cf066200de
509,/air-jordan-10-retro-orlando-gs,27d58f68-179b-4c67-8ec9-7cad8523a41a
510,/air-jordan-3-retro-black-cement-2018-ps,f380be84-519c-43d8-b9ad-347284a3c89e
511,/air-jordan-1-mid-white-cement,3a2eed7e-b292-451f-b726-79cf75362f6f
512,/air-jordan-5-retro-light-aqua-td,08393ce5-0295-4607-8ab7-4e91d0c2957e
513,/jordan-5-retro-wolf-grey-gs,6714373b-7398-4857-9d15-3596c1d1346c
514,/jordan-1-retro-ko-sail-2016,7e7876dc-1208-4feb-94c5-b61e834bbfaf
515,/air-jordan-11-retro-low-cleat-black,a548c813-e441-4a70-a4c1-ed1e99abb05c
516,/jordan-6-retro-low-fuchsia-flash-gs,b31d3ba3-516b-47db-81d9-cd5d76f56caa
517,/air-jordan-zoom-tenacity-88-black-cement,80f552ac-43be-4989-b2fb-4adf0494a212
518,/jordan-1-retro-mid-lance-mountain-bred,ba44c6f3-57f1-409f-9048-4a2a89afbff1
519,/air-jordan-westbrook-0-3-dazzle,cefb22e8-8df5-4e84-9845-20a20524d8a4
520,/air-jordan-xxxii-low-last-shot,c5b56dd0-e6ea-4ecd-876c-706e2cd6e88a
521,/air-jordan-6-retro-low-sunblush-gs,fed9d842-ab59-49ec-8f6b-5776622b4c31
522,/air-jordan-6-retro-all-star-2017-gs,66cc5bee-251e-474e-afef-e3174616d453
523,/jordan-1-retro-nyc,5cd0954f-6b1f-412f-a824-fe411e1784cd
524,/air-jordan-spizike-olive-canvas,8723675c-b4db-46a0-abb5-bea97694323a
525,/air-jordan-1-retro-high-rare-air-cool-grey,79cbb928-575f-4a20-9e5b-c54d219d756b
526,/air-jordan-1-retro-mid-white-2017,a6706f0a-1b73-42e6-b44e-49a454b27742
527,/air-jordan-12-retro-light-aqua-gs,46c9308e-de5d-4cea-ad60-2ff9eefe8a85
528,/air-jordan-1-retro-mid-nouveau-black-history-month-2014,cefff6a1-3f86-4974-9a93-419a01def979
529,/air-jordan-legacy-312-lakers,02b1eff8-03f4-4779-8c5b-e3596655dd5a
530,/air-jordan-1-retro-high-black-desert-sand,228f9d5c-a64e-4bcc-99f0-7a7402db7eee
531,/air-jordan-1-retro-mid-derek-jeter-re2pect,634e5f78-cfcc-4e0b-81a7-117e077f5ad5
532,/jordan-10-retro-new-york-city-2016,6aaa7d25-ee58-4528-8c72-36e482aadd97
533,/air-jordan-1-mid-black-white-2018,e5c54e06-ccf9-402e-a388-6f5ee3111685
534,/jordan-xx9-pantone,a3e481a3-d6ae-49c0-a816-49b9b1752ac8
535,/air-jordan-xxx1-space-jam,06280fcc-7aae-4e16-ba6d-0ad142c06544
536,/air-jordan-11-retro-low-ie-volt,6c2e8e3c-37c2-46c5-8ac8-b6990f792572
537,/air-jordan-4-retro-pink-foil-gs,4fffdaa1-c69c-4d75-82fe-372263defd68
538,/air-jordan-1-retro-red-elephant-print,1d3315df-9704-4dec-b1b1-c36c0d3a1ac5
539,/air-jordan-5-retro-white-cement-gs,1e6666b4-1a34-4a47-870a-05f4793bdc87
540,/air-jordan-89-racer-white-cement,d536003d-7aec-42d6-9325-5dd59cfe84d9
541,/air-jordan-12-retro-dark-grey-gs,6d76df0f-03b9-4b2e-9aac-971cef5e5bb4
542,/air-jordan-3-retro-awok-vogue-university-red-w,7382c15c-a4c3-49d9-8a39-92b88b348cd2
543,/air-jordan-1-retro-high-grey-suede,adbc7ad5-8536-4c5e-9b21-61389b09d4a6
544,/jordan-17-retro-chicago-bulls,c391356f-ff05-4b32-869b-6c45e25e6889
545,/air-jordan-1-mid-olive-canvas,e2d524ec-571a-4e45-aa3b-5cab9e0d4c75
546,/jordan-5-retro-cement-grey-pink-gs,e57ff6df-cbbf-459a-85d1-2657a2d60071
547,/jordan-3-retro-5lab3-silver,dc758269-f22e-4dea-8880-91cf159977c5
548,/air-jordan-why-not-zero1-mirror-image,36c90ff7-456e-4d45-ab6d-56bf24282ec4
549,/jordan-1-retro-black-gum,56a0e38b-554c-4643-822e-4e242604cdd1
550,/air-jordan-1-retro-high-black-history-month-2013,eb63260b-affa-4a14-b0ba-8d60ac584df1
551,/air-jordan-1-retro-high-white-snake-w,d7e11474-dfe0-493a-9bd6-b71975f24005
552,/air-jordan-18-retro-yellow-ochre,019e6881-74af-438d-8c90-a8c863a48262
553,/jordan-5-retro-bronze,e0fa3871-b9c6-449e-bf80-bd93ea90083b
554,/air-jordan-1-retro-mid-white-2017-gs,f77dc8c9-ed45-46a7-88a6-b170dce3e9a3
555,/jordan-1-retro-low-royal-2015,67add2f8-c25b-4f55-a124-7135f020639b
556,/air-jordan-1-retro-high-strap-n7,7ad33148-a755-403e-ba7d-4e3510ab9c1f
557,/jordan-1-retro-ko-bred-2015,fac64187-13ab-4da0-83b3-4f8b24e33d5e
558,/air-jordan-11-retro-low-university-blue-gs,73492cb3-e413-4284-a7b4-98e76f6583b1
559,/air-jordan-xxxii-low-dunk-contest,9d0f98ea-497c-471d-ab94-537cfc645ba0
560,/air-jordan-why-not-0-2-multi-color-gs,cbed8556-b018-40d6-a9ad-fecdc69b073d
561,/air-jordan-6-retro-olympic-2012-gs,e459cdee-4358-4841-9fd1-60747bdb17fc
562,/jordan-10-retro-chicago-flag,05ccc432-d3e1-47db-a2ca-5a131641cefd
563,/air-jordan-1-retro-high-red-suede,67ee9628-124c-4225-b865-3c41cffa29ff
564,/jordan-9-retro-low-snakeskin,7125c0b4-d3d1-4aa1-99be-c2c0ab9256d3
565,/air-jordan-12-retro-black-deadly-pink-gs,79c7d2a9-7c82-4923-8ad6-8d5163bfd51c
566,/air-jordan-5-retro-blue-suede,374b6c07-4eba-4ea6-b6ac-038bcb2f39d3
567,/jordan-spiz-ike-poision-green,8d0b3e8d-1860-4041-8e8a-78b886d8fcc7
568,/jordan-13-retro-low-hornets,d32878a3-d419-4c6e-9ce1-3632917802a4
569,/air-jordan-13-retro-black-cat-gs,f60d92c3-16aa-46e3-8df0-d6bf57891216
570,/jordan-6-retro-low-ghost-green,014c2707-f726-4f67-adaf-fa76872879ac
571,/air-jordan-spizike-black-cement,09fc26ac-ff7b-42d5-8396-b63936610fc1
572,/jordan-19-retro-bred-cdp-2008,1cef6303-51c8-4416-af27-a8f315100667
573,/jordan-future-low-gamma,52a87d3e-e3c5-4ab6-811d-25d94344eadd
574,/jordan-20-retro-stealth,896eafa7-14ec-4c89-a101-d84f685e810a
575,/air-jordan-xxxii-low-like-mike-gatorade,a2daa0f8-b135-4f6c-9d1b-7adfff6e1553
576,/jordan-14-retro-indiglo-2016,cd93052b-eeda-4815-841d-7822ae123fa0
577,/jordan-5-retro-3lab5-black-silver,d4857166-253d-46b5-b14f-363ef3db3782
578,/air-jordan-9-retro-all-star-2018,eb14bff1-bf1c-4d47-9563-3a00e92cddb4
579,/jordan-8-retro-three-peat,0c8445da-7ced-4b24-928a-aef3bff8ff5f
580,/air-jordan-15-retro-stealth-2017,2fa037aa-da05-474c-888a-435997707768
581,/air-jordan-12-retro-low-wolf-grey,e8334c06-8da2-43d2-9627-d0c0e5f947cc
582,/air-jordan-9-retro-boot-green-abyss,745cf82d-6376-450d-90fa-185fe1863475
583,/jordan-xxx-black-cat,113aff72-5549-40d8-b5df-802f16034884
584,/air-jordan-9-retro-bred-patent-gs,1d06fe66-dabd-4f13-b015-0ccc38a78c04
585,/air-jordan-2-retro-qf-black-white,a7e5ea87-598a-4bb8-896e-0565f49be316
586,/jordan-5-retro-low-fire-red,b47fbd8e-4f94-43b0-9723-759698713bfa
587,/jordan-12-retro-the-master-gs,ccbc0048-75b0-4df1-91f6-6dd45b803d7e
588,/jordan-4-retro-dunk-from-above,0952d75c-147a-4c86-a0c9-3b021418d217
589,/jordan-5-retro-poison-green,358915c2-7b81-44d7-a6fe-2dc37dd373aa
590,/jordan-son-of-mars-low-tour-yellow,d0774214-2094-4483-a20a-8d740b82b6b5
591,/air-jordan-1-retro-high-gold-medal-gs,d693bb2a-18cb-4690-8741-2c2830cb99dd
592,/jordan-11-retro-72-10-gs,243cf4f4-d0a9-4c1f-aa74-88defb438db0
593,/air-jordan-1-rebel-xx-chicago-w,869e8269-f53c-429d-a0ac-96e581dfe675
594,/jordan-5-retro-low-alternate-90,a498af06-fa9a-42bb-9c47-e34a57d53a1b
595,/air-jordan-6-rings-space-jam-2018,d710ca19-69a4-481b-a9ca-14b456348ba0
596,/air-jordan-11-retro-midnight-navy-unc-gs,d0d13306-15e7-4512-9980-48924e2aeb9d
597,/jordan-3-retro-wolf-grey,1458f361-2905-4765-b082-51c4c19cbe49
598,/jordan-1-retro-night-vision-joker,78443612-4684-4a78-b3fd-ba9b42f2293e
599,/air-jordan-6-rings-bred,431b05af-9c2c-47d0-be21-acea5301ad85
600,/air-jordan-4-retro-pure-money-2017-gs,4b63e8e4-1a44-445e-b2e6-eaccc841a8e4
601,/air-jordan-12-retro-nylon,5c5fb4ba-bb5d-4e19-9bf6-2ca46024adca
602,/jordan-1-retro-hare-jordan-2015,423360ed-facf-444d-848f-ed6633b767fa
603,/jordan-17-retro-copper-2016,11cb1a4b-4a36-47cf-85e5-047291e055f0
604,/jordan-xx8-playoffs-oak-hill,85f9b23c-165d-4a29-b285-c7a0e57399ff
605,/air-jordan-1-retro-high-og-quai54,b371f6ee-11db-40ac-bcb0-fb523927758d
606,/jordan-7-retro-bordeaux-2015-gs,be21820a-c7bd-43fc-ac27-863b6739725c
607,/jordan-5-retro-metallic-white-2015,dc8906b2-67c1-438b-a61d-9b7a51abeb97
608,/air-jordan-11-retro-low-bleached-coral-gs,902da901-756e-4a19-8c8a-d8239139f57e
609,/jordan-2-retro-white-red-cdp-2008,fda3b9c3-5558-4b73-9e7c-0e3bd18ea23b
610,/jordan-7-retro-verde-gs,533d8c20-d626-4074-a578-4f4ae372c648
611,/jordan-6-retro-low-chrome-2015,c54a2649-b974-471e-bd97-a1dfcf3fb277
612,/jordan-1pt5-retro-bred,d3d6f280-cf38-4345-b634-6a50bdde7c27
613,/jordan-1-retro-dover-street-market,5464bd24-bb3c-4683-902d-f84d887c2f75
614,/air-jordan-3-retro-golf-black-green-glow,5728e2be-cdad-40e0-afd2-14c752668910
615,/air-jordan-5-retro-premium-wine,21f974ec-6390-4900-98f0-21c804de3dd6
616,/jordan-10-retro-old-royal,5362fc77-298b-4e69-80bf-816c5533932a
617,/jordan-5-retro-fire-red-2013,c0b6ed6b-7ae4-4775-b790-b8c542ebeb79
618,/air-jordan-6-retro-black-cat,17abe713-a5b2-4d7b-aa4b-f260458f33e6
619,/air-jordan-11-retro-low-barons-gs,3107352e-00ee-4c73-be15-95cbfa36d6e9
620,/air-jordan-1-retro-mid-true-blue,4a011d47-4d2d-4efc-9e31-0eb9ba5b52ad
621,/jordan-7-retro-olympic-2004,5680802d-7fca-45dc-bf02-c7abda5cb841
622,/air-jordan-2-retro-black-history-month-2019,1c9d2eac-5dd7-41a6-8462-df8285fcc401
623,/jordan-9-retro-johnny-kilroy,1c7d224f-dac9-4b55-b9b0-7c3110780b8a
624,/jordan-1-retro-gold-medal,f61d8dc2-ea04-4239-a3cb-e5bfe0e75c48
625,/air-jordan-1-mid-multi-color-swoosh-phantom-gs,662bbea7-2cc5-4a75-9d3f-b988eb9aa7f3
626,/jordan-8-retro-confetti,74079fb9-e835-40bf-909e-4a934a78d380
627,/jordan-3-retro-true-blue-2011,b337408d-2502-43fd-9c94-ced15541cc1e
628,/jordan-1-retro-low-chicago-2016,51d2579e-0cbc-4e6e-ae5b-a03eba7583d5
629,/air-jordan-1-retro-heiress-night-maroon-gs,7dbcd91e-8f49-4b52-bed2-e8217acdbc54
630,/jordan-7-retro-bordeaux-2011,19bc8d8d-e745-4f66-b78b-da5de403460f
631,/jordan-5-retro-black-metallic-2011,6c5db321-dc60-43c3-8091-5c69a3fbdc61
632,/jordan-3-retro-pure-money,8f65674d-6125-436e-b818-1c6f594fb1ab
633,/jordan-6-retro-golden-moments-gmp,d4339153-883d-45d6-ad5b-c961804455b2
634,/jordan-19-og-east-coast,3436fd72-f6b4-4589-9b59-4f86bcf6b03e
635,/jordan-4-retro-fire-red-mars-blackmon,a61c8048-31e9-4e38-9842-f28bf859f9c4
636,/air-jordan-12-retro-deep-royal-blue,fc4fd9e0-d189-4846-adcd-c94bfb1b20f8
637,/air-jordan-9-retro-blue-pearl,16b977f4-e965-473a-a0a9-e29fbdeaa835
638,/jordan-8-retro-low-playoffs-2003,1eb95862-74c9-4c82-bd8a-d151509de911
639,/jordan-1-og-laney,32849bbb-c0a9-48eb-ba31-9a143a7d7c59
640,/air-jordan-9-retro-boot-black-gum,e85803e9-2987-46a8-bb78-568bc18933ee
641,/jordan-6-retro-cigar,b960ac47-7be5-4305-9bef-59e3ed3ff40b
642,/air-jordan-13-retro-golf-white-black,c9ebaffa-228d-4f35-8930-7eadba835071
643,/air-jordan-xx8-think-16-locked-and-loaded,cb48e214-0239-4ff8-a0dd-88d8ef08aeee
644,/air-jordan-4-retro-obsidian,ff52c76c-ff36-4f39-a864-8eb2727cf164
645,/air-jordan-8-retro-ovo-white,03d0e701-f670-41cd-8e0f-c021f6d1ca1a
646,/jordan-3-retro-white-cement-2003,951920ec-493b-45b1-b4f5-1be943680c4d
647,/jordan-7-retro-flint,923ddb8e-3ae6-452d-9867-a6b538e321e5
648,/jordan-4-retro-white-cement-2012,093679cc-8afe-448f-8503-852b559a8aa7
649,/jordan-14-retro-candy-cane-2006,24184f9e-bf29-4043-8d18-52724572497a
650,/jordan-4-retro-cavs,e04b4e56-d367-45f0-9688-4b7ab3328d6f
651,/air-jordan-1-retro-high-zip-awok-vogue-university-red-w,ed924228-e76c-4d50-8c7c-a386650d90d0
652,/air-jordan-4-retro-toro-bravo-gs,58b19345-0657-42c4-866e-2a6e6fd6d8a2
653,/jordan-5-retro-wolf-grey,e6c72bb1-dafc-47b3-8d9c-9588de758c3b
654,/jordan-11-retro-low-green-snakeskin,f169d97b-f3b4-4b36-b2a8-d08f7e42384d
655,/jordan-12-retro-flu-game-2009,f5e3844f-626f-4efe-8aed-af65e13b30a9
656,/jordan-6-retro-black-varsity-red-2010,03c85e81-2eec-4c32-ab86-40a7101ffed3
657,/jordan-3-retro-fear-pack,0e979811-0368-4d86-ab64-5496ec5713f6
658,/air-jordan-4-retro-wheat,db6d42c4-c181-4b24-bb5a-efa3178d814e
659,/jordan-18-og-white-sport-royal,9db49b6b-8f39-4378-ae55-c59b8566ee76
660,/jordan-4-retro-pony-hair-black,6ed1126c-d683-4a0a-922a-a654f1b5a177
661,/jordan-4-retro-11lab4-red,2df03384-5e66-448b-8c84-304db263d568
662,/jordan-11-retro-playoffs-2001,6b5a0554-5bcc-4a72-81a4-2d873f68c8be
663,/jordan-countdown-pack-5-18,9a62e4a6-c5f7-4541-a989-c7e499c717a2
664,/jordan-1-retro-chicago-2013,b34ad84d-1fd7-414d-b963-c1de5788494e
665,/jordan-5-retro-bel-air,8203fd4d-9647-4059-b996-ba47f11ac5a7
666,/air-jordan-1-retro-high-aleali-may-shadow,cc0d8d96-afd9-4b2a-8442-127b3151949b
667,/jordan-12-retro-wings,6f14cc7f-ebfd-4c60-a867-b82ab0c5aba0
668,/jordan-5-retro-supreme-white,6d83b9a7-6314-4019-b342-902ad19d58df
669,/air-jordan-6-retro-black-infrared-2019,58abc774-fa8d-408d-a9f0-d400bc56dc05
670,/air-jordan-1-retro-low-chicago-2016-gs,a4f599a7-537c-4868-9e52-815d1c621ff8
671,/jordan-xx9-gym-red,c0a2ceaa-759e-4454-a06b-c5c91a4b2a70
672,/air-jordan-11-retro-low-aqua-safari-ps,5da8eaba-b745-4a57-8087-ecc430759d94
673,/air-jordan-10-retro-orlando-ps,5fd2c1fb-e71b-4e90-9663-35ea2e342619
674,/air-jordan-5-retro-international-flight-td,77953f00-b313-4245-a476-ffd5e80bb620
675,/air-jordan-1-retro-high-black-hyper-pink-white-gs,a23f5996-3b37-495c-9743-75e246815d6c
676,/jordan-2-retro-wing-it-gs,d01f5d64-7d4f-40e1-9bd0-39d1609e2fdb
677,/air-jordan-1-retro-high-strap-dark-grey-anthracite,dbae3bd7-31c6-4952-870e-33f780d116a1
678,/air-jordan-bptfly-cool-grey-white,e2eab735-90bc-46c4-8362-dd8739747580
679,/air-jordan-trunner-lx-triple-white,ef3b4cd8-a034-43de-bc68-8828469c5489
680,/air-jordan-why-not-zer0-1-low-ucla,b6bfece9-dee2-471b-a1e8-4a9637eed342
681,/jordan-6-retro-low-dark-grey-gs,1dd1a6f8-ef52-4d38-8252-436a7d95ddf2
682,/air-jordan-3-retro-premium-heiress-metallic-silver-gs,fe7fd6fb-60ac-4a50-b7c3-588623c21227
683,/air-jordan-1-retro-ajko-blue-quilted,062b4056-d758-4f07-b03c-d825442020e8
684,/air-jordan-8-retro-tinker-air-raid-ps,258677c8-dfc2-4a61-805e-eb1e56c6b82c
685,/air-jordan-5-retro-satin-bred-td,63318719-50b5-4cd8-b5a2-2f6e7231aca5
686,/air-jordan-flyknit-elevation-23-game-royal,470577da-7e20-4744-b4b5-3ec111417641
687,/air-jordan-1-retro-low-pinncacle-metallic-silver,8996400e-eb13-42ad-8658-8e3f1e1aca77
688,/air-jordan-1-retro-high-la-black-gold-gs,9e5b74bd-f741-4e90-b914-710079027aeb
689,/air-jordan-1-mid-black-rush-pink-white-splatter-gs,013385bf-bb9b-40d7-8994-d81017e44f32
690,/air-jordan-1-retro-high-flyknit-royal-gs,b196ee8b-f5a9-4ae4-86c5-80dd8c126424
691,/air-jordan-1-mid-multi-color-swoosh-black-gs,b6c1dabd-a096-4174-ba8e-8af8cfdfdb53
692,/air-jordan-future-low-wolf-grey-emerald-rise,c7d13ef6-5f2d-4e44-a7b2-2b80cd3bca8b
693,/jordan-10-retro-venom-gs,df43a381-d762-429c-8752-a74ade74fb9e
694,/air-jordan-11-retro-low-cleat-concord,f954ef82-a8f4-41b9-81fb-f68283fb2743
695,/air-jordan-13-retro-olive-gs,fbca8974-6e43-46c4-ba63-2297552cf193
696,/air-jordan-3-retro-anthracite-gs,cd1aad14-72ca-4823-8a98-0a46e37e6169
697,/air-jordan-1-retro-high-flyknit-shadow-gs,77932965-4d0d-44a9-a83f-d8a739a9fb22
698,/air-jordan-1-retro-high-heiress-black-suede-gs,59963afd-7945-4e44-87a2-2c9a817ec7b2
699,/jordan-1-retro-ajko-pure-platinum,fc081130-d422-45e9-8bdc-77de8a67f836
700,/jordan-1-retro-black-gum-gs,2786ac92-38ca-43d2-96a1-50e423fe490f
701,/air-jordan-1-retro-low-og-ice-blue,3e471a44-294f-4bdc-a988-a5284f385c31
702,/air-jordan-legacy-312-rookie-of-the-year-gs,7c02276d-74a4-47ce-a828-de7ffc0ca1dd
703,/air-jordan-6-retro-alternate-hare-ps,a13c0e49-5e10-4873-ac3f-6af1fbf52dbb
704,/air-jordan-1-mid-top-3-ps,b9fef60a-227c-4d4e-b384-dbaf58c5314c
705,/air-jordan-12-retro-gym-red-ps,e5892800-a4d9-4e17-bcc8-b9d94602be4c
706,/air-jordan-1-mid-black-white-speckle-gs,f55bd3ff-b074-4a41-af84-afc74c4f572b
707,/air-jordan-horizon-bred,6dad7160-a822-44e8-898d-aefea1ee42fd
708,/air-jordan-pro-strong-gym-red,0e63a9c4-d4ef-442f-9f99-29db5863d9e6
709,/air-jordan-1-mid-olive-canvas-2018,1ea0dbef-53a9-48d0-aab3-b79f0bfe53ba
710,/air-jordan-1-retro-mid-obsidian-university-blue,6d790544-604c-435f-965a-5e06c4694694
711,/air-jordan-generation-23-cool-grey,70ff79a7-ba5a-403e-8727-0c024aebb824
712,/air-jordan-melo-m11-grey-mist-crt-prpl-black-lt-psn-gr,aa8d44e7-b983-4c55-b529-48d195200b0f
713,/air-jordan-11-retro-low-blue-moon-ps,eb2bf5cd-e45b-4291-b464-291384e1f953
714,/air-jordan-1-retro-high-dip-toe-white-w,5641a148-db44-4359-a977-cc9e398b509f
715,/air-jordan-1-retro-high-black-hyper-pink-gs,14f06661-1561-41d4-b06b-0c8bb822788a
716,/air-jordan-11-retro-low-bleached-coral-ps,253dd700-7d87-4529-87d6-21744e79384e
717,/air-jordan-1-retro-high-gatorade-orange-peel-gs,41cba0ce-7f52-4ff7-afd4-32f4860b4ca4
718,/air-jordan-10-retro-rush-pink-gs,a04523f2-f55b-4e1f-8759-a8b756ae0eff
719,/air-jordan-1-retro-high-season-of-her-light-aqua-w,0c22ffd5-7220-429f-8d75-8c3d66895fd4
720,/air-jordan-11-retro-low-citrus-2015-ps,5f7cdb99-45f4-4c08-a02f-05575f06af20
721,/air-jordan-future-boot-cool-grey-cool-grey-white,2fc08f46-9f9c-4c45-b701-dd938db70b3c
722,/air-jordan-1-retro-high-strap-gym-red,550b6563-6ebd-4404-ba46-a0303a57ffbd
723,/air-jordan-11-retro-low-cleat-bred,a5f3bdb4-703d-405d-a6fc-4172f166f50f
724,/jordan-4-retro-denim-gs,d8668e76-936c-4d2f-8583-7ce0408c9e1b
725,/air-jordan-2-retro-decon-sail,bd41a655-7506-4520-b9fc-6707197fe852
726,/air-jordan-13-retro-altitudes-2017-gs,e431246b-540b-4e61-ba05-a8b54fdf59ac
727,/jordan-3-retro-sport-blue-gs,06b3e0e1-c0e8-49bb-b03b-9053f672efb3
728,/air-jordan-xxx1-low-chicago,299ba5a4-7cb0-430c-a8de-d2b07c610ba4
729,/jordan-10-retro-verde-gs,8083fc4f-ae72-4799-8583-414aa3669642
730,/air-jordan-11-retro-cleat-columbia,891ac6f6-7e90-48ac-bec4-fde70cc756a7
731,/air-jordan-1-retro-mid-wolf-grey-cool-grey,c2218b57-588b-42d9-b6f8-54b018cca42e
732,/air-jordan-11-retro-low-cleat-cool-grey,f8d7bf9b-154e-4701-9405-690163fe23f9
733,/air-jordan-14-retro-last-shot-2018-gs,14385086-cd82-401a-b604-b7b2003087fb
734,/air-jordan-legacy-312-black-white,db467930-ba5b-44ff-a6c4-00b2b7a9df2f
735,/jordan-1-retro-ajko-royal,2260c369-e84a-4b6f-be22-57e1e1e1c93a
736,/air-jordan-6-retro-tinker-gs,3a25e7cf-f9ff-4299-9de2-2bffeb6e47b9
737,/jordan-11-retro-low-ie-cobalt-2015-gs,3ed0f451-605a-4bf6-9ece-1dfeb2ed7aeb
738,/air-jordan-legacy-312-knicks,3fa6401b-9284-46b4-93c8-de3f2864cb52
739,/air-jordan-xxxii-russell-westbrook-okc,67492bb3-a896-4469-9809-63ce20610ed0
740,/air-jordan-true-flight-cool-grey-black,751cd81e-0706-4745-a631-564636b11ee8
741,/jordan-trunner-lx-bhm-2017,b4bdfb1d-3f4e-43b6-ae12-1ba3d3499799
742,/air-jordan-6-retro-low-anthracite-mint-foam-gs,b6680db4-779e-427a-a957-d67434720ac6
743,/air-jordan-6-retro-wheat-gs,e22ed4f9-b9f9-4072-ac92-edbd6373cb4f
744,/air-jordan-12-retro-chris-paul-class-of-2003-gs,02006bbc-0e5f-4fd5-ba52-5a40ca19476c
745,/air-jordan-12-retro-black-rush-pink-gs,ebc8265b-c74b-4f85-807a-f1584b2892df
746,/jordan-spiz'ike-space-blue,d54e57c8-df04-4107-aeee-cff7c80c1565
747,/air-jordan-13-retro-carmelo-anthony-class-of-2002-gs-b-grade,153ae0b0-90c8-4860-8dcd-dfe3b73c7c19
748,/air-jordan-1-rebel-xx-off-white-w,343da404-6719-446d-a7b5-a14c62d0e80a
749,/air-jordan-why-not-zer0-1-low-n7,90c1f111-28e2-4a96-9984-9b2204074a66
750,/jordan-12-retro-gym-red-gs,cb4a315c-f549-4dee-bb5b-3335705bd1c1
751,/air-jordan-future-boot-black,cb79c280-89fa-4f60-9814-326939514188
752,/air-jordan-12-retro-flu-game-2016-ps,06cc5f1b-83eb-4134-8221-67cffbab5e14
753,/air-jordan-11-retro-low-bred-td,23072019-4500-4d18-831f-6d5eff1ba408
754,/jordan-2-retro-alternate-87,2b0aa01b-2409-4761-9dd8-5c7f0197255b
755,/air-jordan-legacy-312-black-fire-red,52ed83ac-262b-477c-a3cf-21498e08d31f
756,/jordan-1-retro-93-wolf-grey-orange,6a845cd1-6cb1-4124-ae1f-0f79ac025ca7
757,/air-jordan-1-retro-high-white-still-blue-gs,ad867dc8-9cde-47c2-8307-7642e1c0c57e
758,/air-jordan-1-retro-high-red-suede-gs,b2c702cd-3c84-457f-9a3c-701f3836f3a6
759,/jordan-xx9-hare,ce2b7da4-1873-4323-814c-de49467190b8
760,/jordan-5-retro-black-metallic-2016-gs,e7834576-5dbb-422e-ad41-c65ab2812707
761,/jordan-5-retro-laney-2013-gs,f70322d6-fbac-4e2c-8e65-8f4dbb42801d
762,/air-jordan-31-black-cat,7a9a9553-d0d2-4ce3-87f6-a1290b51c64a
763,/jordan-1-retro-bhm-2015,687a4e95-b52a-4d70-876d-1a2bce499521
764,/air-jordan-11-retro-cleat-bred,7ec408ff-7a79-462f-a691-9366fafebfc6
765,/air-jordan-13-retro-low-chutney,425b5f4b-9ef1-4c98-ad94-d2c7b7c7aba6
766,/air-jordan-2009-white-black,54b84f8d-38bc-4f89-8c28-49e655b501c3
767,/jordan-1-retro-all-star-2016,739fa452-7d79-4c36-a8e8-6474de0119cb
768,/jordan-2-retro-low-gym-red,fd3082d2-4cf8-4595-a437-b8d46f0dd5b4
769,/jordan-1-retro-low-white-neutral-grey,77b66c24-2384-4c1c-9106-609b3e8c6537
770,/air-jordan-1-retro-black-patent,f83e1cf0-76b0-4f94-8e49-83052330650b
771,/air-jordan-1-mid-desert-sand,18fd00c6-7510-4f61-ad25-5b2b99dbd314
772,/air-jordan-future-black-concord,24a1e13e-5703-4a86-b821-bda6145e62d9
773,/air-jordan-1-retro-ultra-high-bred,265f4f37-779d-4d75-963a-b6f692d88707
774,/air-jordan-12-retro-low-playoffs-gs,68a8bc6f-b482-45f8-9879-0baab2cfe9ec
775,/jordan-1-retro-lola-bunny-gs,7c572773-9117-4e8d-96ad-33ea818cba03
776,/air-jordan-1-retro-mid-black-2017,ddceb9cc-6364-4bde-a951-33acd8ce2bf8
777,/air-jordan-12-retro-international-flight-gs,05d45b5a-f8c7-4f9d-8202-5c119d161a66
778,/air-jordan-13-retro-low-chutney-gs,e84851b1-c27a-4f34-a5c3-e72f880c61eb
779,/air-jordan-xxx1-shattered-backboard,d4b6efb6-a2d0-4344-a759-a2a9de334e27
780,/air-jordan-13-retro-dark-raisin-gs,4f44d37d-a879-4a19-9ca0-ffd925b590ad
781,/jordan-2012-wolf-grey,5af0be02-56c1-4cfe-822f-02fe355a9cd1
782,/air-jordan-1-retro-high-utility-pack-w,78a34785-4a58-4e14-846d-32400e228332
783,/air-jordan-5-retro-fierce-purple-gs,da12733e-b25c-4389-8c1a-c775d38b9232
784,/air-jordan-spizike-concord,1ab4f8fe-e158-4da0-959a-7df02296a118
785,/air-jordan-legacy-312-lakers-gs,683782cd-a9d9-4eda-9336-ddd4037829b3
786,/air-jordan-flightclub-91-white-black-gym-red,7818d109-99e6-41c5-884e-10a85fb01419
787,/air-jordan-11-retro-space-jam-2016-ps,926eeb22-c123-46ee-bdd2-7b8d16344156
788,/jordan-spiz-ike-og-2014,ad785f86-e1ca-4e5b-ac15-2e612820d0e7
789,/air-jordan-1-mid-olive-canvas-black-gs,b53a7f5f-fcfc-4353-adfb-15daba80f6ea
790,/air-jordan-xxxii-low-unc-win-like-82,b7a55e1b-534e-4caa-8ccf-74eede02f6b7
791,/air-jordan-3-retro-wool,fb22b511-7a25-4a28-a819-758c59a6954d
792,/air-jordan-6-rings-concord-2018,3b5196d2-d1e4-4da9-ac47-f0f4f67313f0
793,/jordan-4-retro-columbia-2015-gs,c14d46fd-21fc-44a0-b3a7-10ef858fae0d
794,/jordan-12-retro-hyper-jade-gs,2e866bd4-1794-4c16-a421-f6f458a8b01e
795,/air-jordan-6-retro-diffused-blue-gs,5431152f-6494-4456-971d-cb87b010d024
796,/air-jordan-1-retro-high-double-strap-gym-red,56a1e7dd-fc47-4e9f-a073-e6780a5f25a0
797,/jordan-future-qs-infrared-23,6676f653-b43f-43a5-b540-8acf196a4323
798,/air-jordan-1-retro-low-metallic-blue,7e683e0a-1425-4ee5-a56f-51b8ded92a85
799,/air-jordan-7-retro-pantone-2017-gs,806e2e37-60ab-405e-b5c7-942c110ecd8e
800,/air-jordan-1-retro-mid-white-gym-red-black,a174f42f-e33c-498f-95ef-9c5c63cbbb0e
801,/jordan-future-qs-glow,b23b8c9c-021d-422a-ad3b-76ce3020e1ab
802,/jordan-12-retro-university-blue-2016-gs,bc32b346-80db-40dd-9cf4-8b26d9aaa57a
803,/jordan-7-retro-marvin-the-martian-gs,d5cf08b7-8276-4a78-b797-a1e564d6ec90
804,/jordan-3-retro-infrared-23-gs,da108f7a-a5ed-4d44-bccb-5473f2d72b87
805,/jordan-xx9-easter,ef1a070b-fa95-4234-b44b-ca8353b80ff1
806,/air-jordan-13-retro-hyper-pink-2017-gs,7680dc79-cbaa-4734-9fbd-4f5359e5f5d0
807,/air-jordan-7-retro-low-bright-concord,5db59b7c-2617-4cd4-9a7c-60c54b1e7b4c
808,/jordan-1-retro-premier-red-gucci-2013,7b90a1c7-4b28-4449-8f84-7d943f0e3b22
809,/jordan-1-retro-blake-griffin-pe,89f1dcbd-6d83-4183-9dc4-3d80daf7ee03
810,/air-jordan-13-retro-wolf-grey-deadly-pink-gs,ad54ff29-30eb-4f5a-b045-3fd42fd707d6
811,/jordan-son-of-mars-hot-lava,c7f7cf3a-11a5-4f0f-8e88-3accc288f2cd
812,/air-jordan-7-retro-low-taxi,fc2f554a-167b-4512-8f04-7351b0dbcca5
813,/air-jordan-spizike-black-university-gold,b8e71570-1533-434b-b874-e6726b851b7b
814,/jordan-1-retro-4lab1-reflect-silver,6b1ffb7c-895d-4fa4-87a3-45f8078f41cc
815,/air-jordan-13-retro-alternate-history-of-flight-gs,a8047e64-50b7-490e-ad35-79b004629cd5
816,/air-jordan-13-retro-chicago-2017-gs,8e8c35bf-2673-4ccd-863a-bdb2131618d5
817,/jordan-22-og-black-varisty-red,a9765763-c4ef-41c1-a6c3-008ae485117d
818,/air-jordan-6-retro-purple-dynasty-gs,f88201e0-7664-40b1-b5af-9688a712c128
819,/jordan-spiz-ike-3m,0e741e5e-8665-4bc1-9922-2eda64eb8ce3
820,/air-jordan-11-retro-low-ie-obsidian,299d64f5-4a04-45f6-b48a-652ccb9d3062
821,/jordan-10-retro-venom-green,5771ef18-bb57-4743-bc9f-839d4aadafec
822,/jordan-1pt5-retro-reverse-fragment,90c38560-2ea1-4d9a-a92e-26e729f260c9
823,/air-jordan-future-premium-black-glow-2018,9820b91b-a32b-44a4-8f92-dd313bff8001
824,/air-jordan-why-not-zer0-1-low-quai54-2018,ea438861-c5b8-49b1-872d-69fa7bc63ad5
825,/air-jordan-13-retro-black-white-gum-gs,6f313507-7241-4b98-90a6-5586e0bb6e1e
826,/air-jordan-12-retro-deep-royal-blue-gs,ef54a717-b297-479a-b3bf-c442611535c1
827,/air-jordan-6-rings-team-royal,2b602a57-123f-4baf-b98e-b57cb49ca97f
828,/jordan-11-retro-low-citrus-2015-gs,2bb51ac7-8caf-42ac-84e3-3e30b88cf0a8
829,/jordan-spiz-ike-bordeaux,33f5ad11-1e50-44ca-8c30-fc97e7a09c15
830,/jordan-10-retro-fusion-red-gs,602456fe-b3ca-4975-b11e-de821bd063ba
831,/air-jordan-1-retro-mid-gorge-green,936dd9ee-b3ec-4f8e-aa40-1c928462d1b2
832,/jordan-12-retro-dynamic-pink-gs,de4adc6b-7716-45aa-8d00-9407ddc261cb
833,/jordan-10-retro-bobcats,443a5106-c7fa-4835-b22b-bf40b53ff301
834,/air-jordan-1-retro-high-rare-nike-air-soar,eb3941d4-ad05-4f08-ac45-dc9910b73394
835,/jordan-20-og-stealth,34d8d3f0-bdc0-4075-bc42-43cfc5c94e08
836,/air-jordan-1-retro-serena-williams-hyper-pink-gs,1a6a787e-6102-4b8b-9e27-315b669eaa04
837,/jordan-7-retro-tinker-alternate,4298eafe-0942-408a-8287-2ab9db98b03a
838,/jordan-7-retro-french-blue-2015-gs,52167629-2637-4343-b15b-c276fdcec4e1
839,/jordan-1-retro-ajko-chicago,d3b438b3-f001-42f9-9b36-54e7b2ddbf42
840,/air-jordan-1-retro-high-premier-gucci-2008,d91cf5e8-ef2b-4506-8b4d-d3e66ecb316b
841,/jordan-14-retro-wolf-grey,14bc6b30-2d81-431d-849e-4de23d1ef1a5
842,/air-jordan-5-retro-blue-suede-gs,bc9cf256-3130-4404-8c5b-6659cdd33f87
843,/air-jordan-6-rings-black-ice,4b3dabf7-dd0c-41fc-8e6f-f476bc9e188f
844,/air-jordan-1-mid-black-orange-peel,60a5a20f-10ca-4eea-9a86-29f3960cb2a9
845,/jordan-6-retro-grape-gs,fc80e70e-39c9-4d2f-8a14-10a773167be5
846,/jordan-10-retro-stealth-2012,0344ba29-1c04-446f-8e36-b8ec3d5683c2
847,/jordan-xxx1-usa,1eaa3f6e-2e36-4abf-9449-a8736ce127a1
848,/jordan-11-retro-low-ie-referee-2015,27308715-e384-4930-b64f-0e7d9d3530e5
849,/air-jordan-3-retro-particle-beige-w,3974634a-71da-403b-9d6d-6c28a3a31846
850,/air-jordan-xxxii-chinese-new-year-2018,66c87979-5fc4-4098-b6c6-5e5f80544ae9
851,/jordan-1-retro-human-highlight,79908008-5695-465d-b843-63eac6851de0
852,/air-jordan-10-retro-cool-grey,9ca75c5b-e6d3-4147-afdb-0d5ac3f77076
853,/air-jordan-xxxii-mj-day,d1004abb-546f-481f-9c88-65bd8d92af7e
854,/jordan-10-retro-london,d429e9c3-6330-4d70-b9fd-f2ea60f719cc
855,/jordan-15-retro-black-varsity-red,dae94b3c-0cf8-467c-a3b9-1ff8c70d14e6
856,/air-jordan-spizike-white-cement-2017,e0d97797-30a2-423a-8e48-6db9d61ecf23
857,/jordan-xxx-gym-red,c4230372-aad9-4b63-8498-85a32fb62071
858,/jordan-2-retro-white-red-2014,7d3f6244-a951-4cb0-be71-60cb11014bdc
859,/jordan-11-retro-low-ie-cobalt-2015,d04c1c63-b6f9-4890-89c3-99eeedc265f6
860,/air-jordan-2010-welcome-home,0808424d-e2cb-4049-815d-15412db87898
861,/air-jordan-1-retro-high-rare-air-cool-grey-gs,64654617-f69f-499e-967e-b3f920faac67
862,/air-jordan-1-retro-grove-green,211b30f5-70c7-4e9e-9894-8179c57756ad
863,/jordan-22-og-basketball-leather,46a03398-9384-4ad0-bc3c-9578a20dc8c9
864,/jordan-10-retro-paris,997c29d4-a622-45df-be99-cd7c4b1bed39
865,/air-jordan-1-retro-white-elephant-print,99dc0c05-e639-4013-8042-125c83c73cd6
866,/air-jordan-13-singles-day-green-glow-gs,bdc7d73a-5699-4b6f-ad4b-35e252395981
867,/air-jordan-melo-m10-year-of-the-horse,d2ec8e88-4744-4b03-aba5-b22f37d026c1
868,/air-jordan-1-retro-armed-forces-pearl-white,ee58c0a8-c1ed-4847-8b90-5a5d18a1762f
869,/air-jordan-8-retro-alternate,efdaa989-0143-4d5d-84ee-81f09733c20b
870,/air-jordan-1-retro-high-silver-medal-gs,687f09af-9c93-4eb8-aa1b-2a32a9232d77
871,/jordan-6-retro-low-infrared-white,57470eba-3ed3-40af-bc28-c760bc4fe9c6
872,/jordan-11-retro-low-cherry-2016-gs,82b3e2b8-0cff-457e-a312-18694fbc64f5
873,/air-jordan-10-retro-maya-moore-w,98dc02a2-1e5e-4128-82aa-63666a8c7feb
874,/air-jordan-1-retro-high-yin-yang-white-gs,cd6a83c7-e193-4db0-acc1-f02c33dfee41
875,/jordan-8-retro-bugs-bunny-2003,cda22286-815e-477d-8949-38e32566ac8c
876,/air-jordan-xxxii-low-wing-it,0d6d2d8a-35cd-4e30-9104-0084466dcc04
877,/jordan-20-retro-30th-anniversary-laser,c31c58c5-e39b-45f6-a678-9b5f01b6d47c
878,/jordan-22-og-white-varisty-red,2e11f045-f291-46d3-a1e0-e0eb9674c1e0
879,/air-jordan-10-retro-maya-moore-gs,4479766d-deb3-4615-b6b6-6bcc662ad620
880,/jordan-7-retro-orion,c702c98e-aba8-4902-a17c-e12d110fa47a
881,/air-jordan-4-retro-laser-black-gum-gs,f3f9b73a-bb8f-42d6-8b75-f2dededb73fa
882,/air-jordan-xxx1-fine-print,25e3dac2-20ef-4a20-a886-76735f0cb38a
883,/jordan-9-retro-barons,456180a4-460f-4f58-a2c9-46f8b25ac8cc
884,/jordan-spiz-ike-grape,64630d4a-9725-4d9b-885e-2179404cce1e
885,/jordan-14-retro-oxidized-green-2016,666c9fb7-9aae-43ad-bc78-ef3f21854fd8
886,/air-jordan-12-retro-mcs-playoffs,6cc20ba9-b8fb-49fa-9616-31409b416ca6
887,/jordan-10-retro-chicago-bulls-2012,7ba35bb2-090a-496c-994e-bae74a79a963
888,/jordan-spiz-ike-oreo,e09ddac8-cb06-4e0c-9193-78e101cddd5b
889,/jordan-7-retro-french-blue-2002,e1e9dcf4-29d7-427c-962d-569b18986af7
890,/jordan-13-retro-squadron-blue,ffc04f90-2c53-4950-9171-9579388d9a25
891,/jordan-6-retro-chrome-2015-gs,29450958-eec3-442c-9e32-9fb766d506c1
892,/air-jordan-1-mid-multi-color-swoosh-gs,487f49dd-bc11-4a12-9762-384480c1adfa
893,/jordan-13-retro-cherry-2010,771ed5bf-4b56-4227-a910-f2a19751776d
894,/jordan-1-sb-craig-stecyk-black-silver,7d70352c-77d8-4604-89ff-3ff672343111
895,/jordan-4-retro-alternate-89-gs,a6b66ef5-1ffd-42fb-bc32-5bac0f7fe5b1
896,/jordan-11-retro-legend-blue-2014-gs,da6dbbff-3c8d-472a-93b7-61fc4c560be4
897,/jordan-4-retro-pure-money,d5c9e8d6-6217-4eae-8155-09852d2ab03a
898,/jordan-23-black-stealth,3c043687-2da8-49c7-b579-ff8329a0fbe2
899,/jordan-13-retro-low-quai-54,763de4e8-8326-45fd-9fa1-17af973a20a7
900,/jordan-13-retro-barons-gs,2a53c906-769b-4873-8e27-965346cd4b97
901,/jordan-7-retro-cardinal-2006,b9f98674-8e38-493a-84d9-409dd8c073de
902,/jordan-20-og-white-laser,47b6d9b5-daef-494d-98b4-18194db75b15
903,/air-jordan-9-retro-kobe-bryant-pe,80410581-0499-4e4a-9cfa-721bf7854b68
904,/air-jordan-1-retro-golf-triple-black,888e43ac-d9f6-485c-b16a-ce7757b88dea
905,/jordan-9-retro-photo-blue-black-bottom,a99c740e-4cf1-45a4-bbb2-8a865529657f
906,/jordan-5-retro-3lab5-infrared,ade70de2-0109-450c-946a-229521a0ab63
907,/jordan-18-retro-bred-cdp-2008,0df1ada8-7325-408d-ac93-dc4900711bc2
908,/jordan-23-all-star,1f94f171-fd4e-402f-9339-6e557cc5a4c2
909,/air-jordan-2009-s23,2978bc71-f22a-49af-b302-c8f8f8dc018c
910,/jordan-2-retro-white-varisty-red-2004,36b6c344-a06a-4399-a7d5-452987276a13
911,/jordan-11-retro-low-bred-gs,c0a52d91-fb34-4952-81f6-787b934cc17c
912,/jordan-5-retro-low-neymar,68cc5725-b4ba-40ad-921c-6d5c9aa339b6
913,/jordan-14-retro-low-laney-2015,6f4abdf0-2769-4dcb-8fac-bb95e4258453
914,/jordan-1-retro-melo-pe,88201bdb-350a-4043-acc7-f49417145d8d
915,/air-jordan-13-singles-day-gym-red,8da582e0-6c7a-4112-94d1-ca8b749c3b17
916,/jordan-5-retro-low-wolf-grey-gs,98b25534-2c02-46f2-971c-40192835c4dc
917,/air-jordan-5-retro-triple-black,7b4d9976-a66e-4b7c-8f2c-5f410af0b428
918,/air-jordan-6-retro-pinnacle-promo-jacket,2b73c6a5-127b-407f-be35-12239da9f946
919,/jordan-13-retro-he-got-game-2013,55d41c7c-87c2-401e-90d8-6eb4b52b10ec
920,/jordan-21-retro-bred-cdp-2008,21aed105-1c87-471f-91e8-259efea34ddc
921,/jordan-1-retro-low-swooshless-black,3b076515-569c-4e64-a607-69f708a40eee
922,/air-jordan-trainer-st-g-wolf-grey,43f1d6e7-3e5a-4c5a-82e6-677fc8a2010e
923,/jordan-2-retro-quai-54,90bf6231-d7d8-45d3-9d2d-27f49e042751
924,/jordan-3-retro-stealth,aa89f5a7-9903-484c-95eb-2a00863d0ed9
925,/jordan-13-retro-low-cherry-2005,b265562c-a5f1-4999-bc29-e4ebb0d7c4e1
926,/air-jordan-1-retro-high-double-strap-black-gym-red,d2756748-3ff1-4b67-9f5c-07a9d03f3ed1
927,/nike-air-air-jordan-2-retro-decon-mineral-gold,dc1568e7-3f4c-4172-b237-bc7f0679202c
928,/air-jordan-1-mid-lakers,e82f452a-5100-4d74-87bd-961bd8649e6c
929,/jordan-1pt5-retro-chicago-2015,b9074d21-277a-4c1e-ac61-f4bef7e3f4cc
930,/jordan-7-retro-nothing-but-net-gs,0cb64262-bd81-4577-a1e3-cfd47fb14d1b
931,/air-jordan-1-retro-high-los-primeros,34250c13-d938-4ac9-9d50-de7bfa6111f1
932,/jordan-8-retro-pea-pods,3fdefd73-8963-4e2a-b0e0-04066c205992
933,/jordan-1-retro-pinnacle-baroque-brown,621b2969-18a5-4b53-88f6-c9766b7a4896
934,/jordan-7-retro-championship-pack-champagne,9be99072-9e4a-4438-bb59-96bc39f876b6
935,/jordan-9-retro-white-black-red-2010,c16e8c8d-fdec-4397-9967-80579cf67eca
936,/jordan-5-retro-grape-2006,fa5e196c-db08-42b0-af9f-bc81ae165f95
937,/jordan-10-retro-shadow-cdp-2008,0bc656cd-7f86-4bb6-9402-a9caa9d571cf
938,/jordan-9-retro-powder,31eaa2bf-1a8f-4297-9500-e583bbfc75be
939,/air-jordan-xxxiii-tech-pack,9314b3fe-0e51-4536-897d-f4cfe2f41123
940,/jordan-8-retro-aqua-2007,7535d505-5081-4aa1-b7ef-cd1c6b31fff5
941,/jordan-9-retro-slim-jenkins,7bf32030-0f7b-49df-a2c4-7c5b5f851962
942,/air-jordan-hydro-slide-12-retro-ovo,130d44c8-390b-49bf-9037-a5c942fde111
943,/jordan-5-retro-low-chinese-new-year,f9d067c7-4347-471f-9132-cd253c75efd6
944,/jordan-10-retro-blackout,22564b43-0bdc-483c-8700-9b6f6622c79d
945,/air-jordan-1-retro-high-summer-of-high-silt-red-w,311d8783-444b-4494-8108-bf90e34babcd
946,/air-jordan-8-retro-bugs-bunny-2013-gs,5a171fb4-dcb5-4f4f-9f8a-3a78adfc404a
947,/jordan-7-retro-hare-cdp-2008,6e434869-cbf2-48a3-8e6c-98477284645e
948,/air-jordan-9-retro-pinnacle-baseball-black,70d105ff-4810-41f6-a5b3-7612d6da121e
949,/jordan-11-retro-low-white-red-2012,42ef0376-9baa-4b83-a0b1-a1daf2bf1698
950,/jordan-2-retro-qf-white-varisty-red-2010,765f4eb2-4c29-4aec-9a10-563e82092484
951,/jordan-7-retro-raptors-2002,33a35739-b6e7-4619-9259-3cb42255ffeb
952,/jordan-21-white-varsity-red-metallic-silver-2006,561736e8-5566-460a-9b85-ec5252ce6034
953,/jordan-7-retro-olympic-2012,a237124a-69bf-417e-9fda-27080913c2fe
954,/air-jordan-6-retro-alternate-hare-gs,a508936e-ce93-4fec-a533-01d0c47eb89d
955,/jordan-1-retro-unc-gs,612bf99f-a9cf-4981-b467-8d528cb40386
956,/air-jordan-9-retro-golf-wolf-grey,692eb3e8-0931-478a-b884-51164a2f95b1
957,/jordan-13-retro-grey-toe-2005,f303c1a4-66a4-480a-a989-77aa01c3db5b
958,/jordan-14-retro-candy-cane-2012,429d1f21-867d-479e-b69a-6ef58f9866c7
959,/jordan-1-retro-black-white-2014,bd9ffdfc-9061-4f37-bc1f-5418a5a44966
960,/jordan-1-og-celtics,db4fdadd-045b-4356-b8e5-953fa53e2c32
961,/jordan-16-retro-bred-cdp-2008,1addcc9b-035b-42c3-baf2-8060e4e3032f
962,/jordan-5-retro-black-grape,104ba571-3fd2-46e3-b45c-6eafb48f1859
963,/jordan-7-retro-hare-yotr-2011,34bfcb00-2928-4abb-8057-6a69d358c11b
964,/jordan-13-retro-chris-paul-home,8702c337-b307-41b9-8f89-a1135d1f09dd
965,/jordan-11-retro-low-infrared,89f781ad-9030-4de7-80a8-9e073f3a3ac8
966,/air-jordan-13-retro-love-and-respect-gs,dcea8989-d6a7-45b8-9243-1c4b000bc346
967,/jordan-10-retro-red-steel,2fb7d8b8-382b-475a-99fc-17925a93e87a
968,/jordan-12-retro-nubuck-2009,37f32e03-4f00-4da1-b1c1-47080c98061c
969,/jordan-8-retro-champagne,f80d6ef7-91c7-428d-912e-13af0b2b7e97
970,/jordan-9-retro-low-blue-pearl,f74131a5-f755-421c-8890-a2d12785c3cb
971,/air-jordan-1-mid-michigan,2430e3b4-05d2-4ee0-ab87-c53177740e0a
972,/jordan-1-retro-hall-of-fame-pack,c68a3ce3-3bbf-45f6-a341-c97f34cd6379
973,/jordan-4-retro-black-cement-cdp-2008,4a1e7bc3-8b1b-4c56-84d6-4a175e2c7c07
974,/jordan-7-retro-for-the-love-of-the-game,68c8c530-5ad1-4102-997f-0b794b0f57b0
975,/air-jordan-5-retro-wings-gs,848bb64f-f4a2-4d38-b394-b5bc65ad4e64
976,/jordan-11-retro-gamma-blue-gs,e0e9bc4f-b1e8-4a6f-a90b-4f6fca5c82b4
977,/jordan-xxx-quai-54-cosmos,285c648d-3728-49fd-ace2-55a7ed43f190
978,/jordan-5-retro-black-university-blue,90615adf-76db-4082-96bf-ee9c7d328bfd
979,/jordan-11-og-low-navy-snakeskin-2001,4efb2373-0890-4e13-b6c3-63a3c6157e8d
980,/jordan-14-retro-white-forest-green,6905e84e-dd57-4ca0-8565-e2d6b4d926e1
981,/jordan-11-retro-low-pink-snakeskin-2013-w,7279fe84-67ba-413f-985b-848021e9daa6
982,/jordan-5-retro-dmp-raging-bull-3m,f7c42fd4-0bb4-4c99-a255-67741611160f
983,/air-jordan-1-retro-high-blue-moon-gs,3610e3c3-207a-448e-810c-fef59a9670d1
984,/jordan-1-retro-mid-unc,07135623-ce81-47a7-acbb-fbaf9f1e77e8
985,/jordan-13-retro-playoffs-2011,6ee9a6ba-fb96-4a5d-959f-9ce8d68c4c8c
986,/air-jordan-7-retro-doernbecher,40cc3685-f95a-4b0c-b553-af8e085cfeea
987,/jordan-1-retro-pinnacle-white,ef64c7a5-3200-45cf-a595-a1f8b436ff48
988,/air-jordan-16-retro-solefly-art-basel,22073d74-a84a-4a38-ab29-9f38afc57a39
989,/jordan-7-retro-dmp-raptors,7d4b826e-89b1-4b84-8e72-684c5813fe3b
990,/jordan-5-retro-undftd,b69940c9-ea2e-4800-a46e-d9d920b3a018
991,/air-jordan-1-retro-high-noise-cancelling-pack-nigel-sylvester,2a9171f9-89fe-485c-8b10-87936f12e4ce
